county,precinct,office,district,party,candidate,votes,early_voting
Rensselaer,"Troy 9-11, 16-22, 24-30",Member of Assembly,108,DEM,"John T. McDonald, III",735,
Rensselaer,Rensselaer 1 - 6,Member of Assembly,108,DEM,"John T. McDonald, III",348,
Rensselaer,North Greenbush 1,Member of Assembly,108,DEM,"John T. McDonald, III",38,
Rensselaer,North Greenbush 2,Member of Assembly,108,DEM,"John T. McDonald, III",101,
Rensselaer,North Greenbush 3,Member of Assembly,108,DEM,"John T. McDonald, III",64,
Rensselaer,North Greenbush 4,Member of Assembly,108,DEM,"John T. McDonald, III",102,
Rensselaer,North Greenbush 5,Member of Assembly,108,DEM,"John T. McDonald, III",76,
Rensselaer,North Greenbush 6,Member of Assembly,108,DEM,"John T. McDonald, III",99,
Rensselaer,North Greenbush 7,Member of Assembly,108,DEM,"John T. McDonald, III",59,
Rensselaer,North Greenbush 8,Member of Assembly,108,DEM,"John T. McDonald, III",118,
Rensselaer,,Member of Assembly,108,DEM,"John T. McDonald, III",77,77
Rensselaer,"Troy 9-11, 16-22, 24-30",Member of Assembly,108,DEM,Sam Fein,782,
Rensselaer,Rensselaer 1 - 6,Member of Assembly,108,DEM,Sam Fein,207,
Rensselaer,North Greenbush 1,Member of Assembly,108,DEM,Sam Fein,10,
Rensselaer,North Greenbush 2,Member of Assembly,108,DEM,Sam Fein,63,
Rensselaer,North Greenbush 3,Member of Assembly,108,DEM,Sam Fein,11,
Rensselaer,North Greenbush 4,Member of Assembly,108,DEM,Sam Fein,47,
Rensselaer,North Greenbush 5,Member of Assembly,108,DEM,Sam Fein,31,
Rensselaer,North Greenbush 6,Member of Assembly,108,DEM,Sam Fein,41,
Rensselaer,North Greenbush 7,Member of Assembly,108,DEM,Sam Fein,22,
Rensselaer,North Greenbush 8,Member of Assembly,108,DEM,Sam Fein,43,
Rensselaer,,Member of Assembly,108,DEM,Sam Fein,56,56
Rensselaer,"Troy 9-11, 16-22, 24-30",Member of Assembly,108,DEM,Blank,83,
Rensselaer,Rensselaer 1 - 6,Member of Assembly,108,DEM,Blank,3,
Rensselaer,North Greenbush 1,Member of Assembly,108,DEM,Blank,7,
Rensselaer,North Greenbush 2,Member of Assembly,108,DEM,Blank,9,
Rensselaer,North Greenbush 3,Member of Assembly,108,DEM,Blank,12,
Rensselaer,North Greenbush 4,Member of Assembly,108,DEM,Blank,0,
Rensselaer,North Greenbush 5,Member of Assembly,108,DEM,Blank,5,
Rensselaer,North Greenbush 6,Member of Assembly,108,DEM,Blank,14,
Rensselaer,North Greenbush 7,Member of Assembly,108,DEM,Blank,10,
Rensselaer,North Greenbush 8,Member of Assembly,108,DEM,Blank,31,
Rensselaer,"Troy 9-11, 16-22, 24-30",Member of Assembly,108,DEM,Void,4,
Rensselaer,Rensselaer 1 - 6,Member of Assembly,108,DEM,Void,33,
Rensselaer,North Greenbush 1,Member of Assembly,108,DEM,Void,0,
Rensselaer,North Greenbush 2,Member of Assembly,108,DEM,Void,0,
Rensselaer,North Greenbush 3,Member of Assembly,108,DEM,Void,5,
Rensselaer,North Greenbush 4,Member of Assembly,108,DEM,Void,2,
Rensselaer,North Greenbush 5,Member of Assembly,108,DEM,Void,3,
Rensselaer,North Greenbush 6,Member of Assembly,108,DEM,Void,8,
Rensselaer,North Greenbush 7,Member of Assembly,108,DEM,Void,4,
Rensselaer,North Greenbush 8,Member of Assembly,108,DEM,Void,3,
Rensselaer,"Berlin 1, 2",Representative in Congress,19,REP,Ola Hawatmeh,17,
Rensselaer,Brunswick 1 - 10,Representative in Congress,19,REP,Ola Hawatmeh,57,
Rensselaer,"Grafton 1, 2",Representative in Congress,19,REP,Ola Hawatmeh,15,
Rensselaer,Hoosick 1 - 7,Representative in Congress,19,REP,Ola Hawatmeh,49,
Rensselaer,Nassau 1 - 4,Representative in Congress,19,REP,Ola Hawatmeh,45,
Rensselaer,Petersburgh 1,Representative in Congress,19,REP,Ola Hawatmeh,11,
Rensselaer,Pittstown 1 - 6,Representative in Congress,19,REP,Ola Hawatmeh,44,
Rensselaer,Poestenkill 1 - 4,Representative in Congress,19,REP,Ola Hawatmeh,40,
Rensselaer,Sand Lake 1 - 6,Representative in Congress,19,REP,Ola Hawatmeh,74,
Rensselaer,Schaghticoke 1 - 7,Representative in Congress,19,REP,Ola Hawatmeh,60,
Rensselaer,"Schodack 2,4,7,8,9",Representative in Congress,19,REP,Ola Hawatmeh,57,
Rensselaer,"Stephentown 1, 2",Representative in Congress,19,REP,Ola Hawatmeh,20,
Rensselaer,,Representative in Congress,19,REP,Ola Hawatmeh,18,18
Rensselaer,"Berlin 1, 2",Representative in Congress,19,REP,Kyle Van De Water,17,
Rensselaer,Brunswick 1 - 10,Representative in Congress,19,REP,Kyle Van De Water,98,
Rensselaer,"Grafton 1, 2",Representative in Congress,19,REP,Kyle Van De Water,26,
Rensselaer,Hoosick 1 - 7,Representative in Congress,19,REP,Kyle Van De Water,29,
Rensselaer,Nassau 1 - 4,Representative in Congress,19,REP,Kyle Van De Water,56,
Rensselaer,Petersburgh 1,Representative in Congress,19,REP,Kyle Van De Water,20,
Rensselaer,Pittstown 1 - 6,Representative in Congress,19,REP,Kyle Van De Water,71,
Rensselaer,Poestenkill 1 - 4,Representative in Congress,19,REP,Kyle Van De Water,32,
Rensselaer,Sand Lake 1 - 6,Representative in Congress,19,REP,Kyle Van De Water,70,
Rensselaer,Schaghticoke 1 - 7,Representative in Congress,19,REP,Kyle Van De Water,61,
Rensselaer,"Schodack 2,4,7,8,9",Representative in Congress,19,REP,Kyle Van De Water,54,
Rensselaer,"Stephentown 1, 2",Representative in Congress,19,REP,Kyle Van De Water,33,
Rensselaer,,Representative in Congress,19,REP,Kyle Van De Water,16,16
Rensselaer,"Berlin 1, 2",Representative in Congress,19,REP,Blank,0,
Rensselaer,Brunswick 1 - 10,Representative in Congress,19,REP,Blank,5,
Rensselaer,"Grafton 1, 2",Representative in Congress,19,REP,Blank,4,
Rensselaer,Hoosick 1 - 7,Representative in Congress,19,REP,Blank,0,
Rensselaer,Nassau 1 - 4,Representative in Congress,19,REP,Blank,0,
Rensselaer,Petersburgh 1,Representative in Congress,19,REP,Blank,0,
Rensselaer,Pittstown 1 - 6,Representative in Congress,19,REP,Blank,0,
Rensselaer,Poestenkill 1 - 4,Representative in Congress,19,REP,Blank,0,
Rensselaer,Sand Lake 1 - 6,Representative in Congress,19,REP,Blank,2,
Rensselaer,Schaghticoke 1 - 7,Representative in Congress,19,REP,Blank,3,
Rensselaer,"Schodack 2,4,7,8,9",Representative in Congress,19,REP,Blank,1,
Rensselaer,"Stephentown 1, 2",Representative in Congress,19,REP,Blank,2,
Rensselaer,"Berlin 1, 2",Representative in Congress,19,REP,Void,,
Rensselaer,Brunswick 1 - 10,Representative in Congress,19,REP,Void,,
Rensselaer,"Grafton 1, 2",Representative in Congress,19,REP,Void,,
Rensselaer,Hoosick 1 - 7,Representative in Congress,19,REP,Void,1,
Rensselaer,Nassau 1 - 4,Representative in Congress,19,REP,Void,,
Rensselaer,Petersburgh 1,Representative in Congress,19,REP,Void,,
Rensselaer,Pittstown 1 - 6,Representative in Congress,19,REP,Void,1,
Rensselaer,Poestenkill 1 - 4,Representative in Congress,19,REP,Void,1,
Rensselaer,Sand Lake 1 - 6,Representative in Congress,19,REP,Void,1,
Rensselaer,Schaghticoke 1 - 7,Representative in Congress,19,REP,Void,4,
Rensselaer,"Schodack 2,4,7,8,9",Representative in Congress,19,REP,Void,3,
Rensselaer,"Stephentown 1, 2",Representative in Congress,19,REP,Void,2,
Rensselaer,Berlin 1 & 2,President,19,DEM,Pete Buttigieg,1,
Rensselaer,Brunswick 1 - 10,President,19,DEM,Pete Buttigieg,12,
Rensselaer,Grafton 1 & 2,President,19,DEM,Pete Buttigieg,1,
Rensselaer,Hoosick 1 - 7,President,19,DEM,Pete Buttigieg,4,
Rensselaer,Nassau 1 - 4,President,19,DEM,Pete Buttigieg,4,
Rensselaer,Petersburgh 1,President,19,DEM,Pete Buttigieg,2,
Rensselaer,Pittstown 1 - 6,President,19,DEM,Pete Buttigieg,3,
Rensselaer,Poestenkill 1 - 4,President,19,DEM,Pete Buttigieg,2,
Rensselaer,Sand Lake 1 - 6,President,19,DEM,Pete Buttigieg,15,
Rensselaer,Schaghticoke 1 - 7,President,19,DEM,Pete Buttigieg,6,
Rensselaer,"Schodack 2, 4, 7, 8, 9",President,19,DEM,Pete Buttigieg,6,
Rensselaer,Stephentown 1 & 2,President,19,DEM,Pete Buttigieg,0,
Rensselaer,Berlin 1 & 2,President,19,DEM,Amy Klobuchar,0,
Rensselaer,Brunswick 1 - 10,President,19,DEM,Amy Klobuchar,10,
Rensselaer,Grafton 1 & 2,President,19,DEM,Amy Klobuchar,0,
Rensselaer,Hoosick 1 - 7,President,19,DEM,Amy Klobuchar,4,
Rensselaer,Nassau 1 - 4,President,19,DEM,Amy Klobuchar,5,
Rensselaer,Petersburgh 1,President,19,DEM,Amy Klobuchar,0,
Rensselaer,Pittstown 1 - 6,President,19,DEM,Amy Klobuchar,0,
Rensselaer,Poestenkill 1 - 4,President,19,DEM,Amy Klobuchar,1,
Rensselaer,Sand Lake 1 - 6,President,19,DEM,Amy Klobuchar,2,
Rensselaer,Schaghticoke 1 - 7,President,19,DEM,Amy Klobuchar,3,
Rensselaer,"Schodack 2, 4, 7, 8, 9",President,19,DEM,Amy Klobuchar,4,
Rensselaer,Stephentown 1 & 2,President,19,DEM,Amy Klobuchar,1,
Rensselaer,Berlin 1 & 2,President,19,DEM,Joseph R. Biden,28,
Rensselaer,Brunswick 1 - 10,President,19,DEM,Joseph R. Biden,517,
Rensselaer,Grafton 1 & 2,President,19,DEM,Joseph R. Biden,60,
Rensselaer,Hoosick 1 - 7,President,19,DEM,Joseph R. Biden,128,
Rensselaer,Nassau 1 - 4,President,19,DEM,Joseph R. Biden,125,
Rensselaer,Petersburgh 1,President,19,DEM,Joseph R. Biden,51,
Rensselaer,Pittstown 1 - 6,President,19,DEM,Joseph R. Biden,91,
Rensselaer,Poestenkill 1 - 4,President,19,DEM,Joseph R. Biden,142,
Rensselaer,Sand Lake 1 - 6,President,19,DEM,Joseph R. Biden,382,
Rensselaer,Schaghticoke 1 - 7,President,19,DEM,Joseph R. Biden,154,
Rensselaer,"Schodack 2, 4, 7, 8, 9",President,19,DEM,Joseph R. Biden,182,
Rensselaer,Stephentown 1 & 2,President,19,DEM,Joseph R. Biden,123,
Rensselaer,Berlin 1 & 2,President,19,DEM,Tulsi Gabbard,1,
Rensselaer,Brunswick 1 - 10,President,19,DEM,Tulsi Gabbard,3,
Rensselaer,Grafton 1 & 2,President,19,DEM,Tulsi Gabbard,0,
Rensselaer,Hoosick 1 - 7,President,19,DEM,Tulsi Gabbard,3,
Rensselaer,Nassau 1 - 4,President,19,DEM,Tulsi Gabbard,1,
Rensselaer,Petersburgh 1,President,19,DEM,Tulsi Gabbard,0,
Rensselaer,Pittstown 1 - 6,President,19,DEM,Tulsi Gabbard,2,
Rensselaer,Poestenkill 1 - 4,President,19,DEM,Tulsi Gabbard,3,
Rensselaer,Sand Lake 1 - 6,President,19,DEM,Tulsi Gabbard,5,
Rensselaer,Schaghticoke 1 - 7,President,19,DEM,Tulsi Gabbard,3,
Rensselaer,"Schodack 2, 4, 7, 8, 9",President,19,DEM,Tulsi Gabbard,1,
Rensselaer,Stephentown 1 & 2,President,19,DEM,Tulsi Gabbard,0,
Rensselaer,Berlin 1 & 2,President,19,DEM,Bernie Sanders,9,
Rensselaer,Brunswick 1 - 10,President,19,DEM,Bernie Sanders,126,
Rensselaer,Grafton 1 & 2,President,19,DEM,Bernie Sanders,29,
Rensselaer,Hoosick 1 - 7,President,19,DEM,Bernie Sanders,51,
Rensselaer,Nassau 1 - 4,President,19,DEM,Bernie Sanders,48,
Rensselaer,Petersburgh 1,President,19,DEM,Bernie Sanders,15,
Rensselaer,Pittstown 1 - 6,President,19,DEM,Bernie Sanders,32,
Rensselaer,Poestenkill 1 - 4,President,19,DEM,Bernie Sanders,62,
Rensselaer,Sand Lake 1 - 6,President,19,DEM,Bernie Sanders,118,
Rensselaer,Schaghticoke 1 - 7,President,19,DEM,Bernie Sanders,42,
Rensselaer,"Schodack 2, 4, 7, 8, 9",President,19,DEM,Bernie Sanders,56,
Rensselaer,Stephentown 1 & 2,President,19,DEM,Bernie Sanders,29,
Rensselaer,Berlin 1 & 2,President,19,DEM,Michael R. Bloomberg,0,
Rensselaer,Brunswick 1 - 10,President,19,DEM,Michael R. Bloomberg,1,
Rensselaer,Grafton 1 & 2,President,19,DEM,Michael R. Bloomberg,0,
Rensselaer,Hoosick 1 - 7,President,19,DEM,Michael R. Bloomberg,1,
Rensselaer,Nassau 1 - 4,President,19,DEM,Michael R. Bloomberg,1,
Rensselaer,Petersburgh 1,President,19,DEM,Michael R. Bloomberg,1,
Rensselaer,Pittstown 1 - 6,President,19,DEM,Michael R. Bloomberg,0,
Rensselaer,Poestenkill 1 - 4,President,19,DEM,Michael R. Bloomberg,3,
Rensselaer,Sand Lake 1 - 6,President,19,DEM,Michael R. Bloomberg,4,
Rensselaer,Schaghticoke 1 - 7,President,19,DEM,Michael R. Bloomberg,3,
Rensselaer,"Schodack 2, 4, 7, 8, 9",President,19,DEM,Michael R. Bloomberg,3,
Rensselaer,Stephentown 1 & 2,President,19,DEM,Michael R. Bloomberg,0,
Rensselaer,Berlin 1 & 2,President,19,DEM,Tom Steyer,0,
Rensselaer,Brunswick 1 - 10,President,19,DEM,Tom Steyer,4,
Rensselaer,Grafton 1 & 2,President,19,DEM,Tom Steyer,0,
Rensselaer,Hoosick 1 - 7,President,19,DEM,Tom Steyer,0,
Rensselaer,Nassau 1 - 4,President,19,DEM,Tom Steyer,0,
Rensselaer,Petersburgh 1,President,19,DEM,Tom Steyer,0,
Rensselaer,Pittstown 1 - 6,President,19,DEM,Tom Steyer,0,
Rensselaer,Poestenkill 1 - 4,President,19,DEM,Tom Steyer,0,
Rensselaer,Sand Lake 1 - 6,President,19,DEM,Tom Steyer,1,
Rensselaer,Schaghticoke 1 - 7,President,19,DEM,Tom Steyer,2,
Rensselaer,"Schodack 2, 4, 7, 8, 9",President,19,DEM,Tom Steyer,0,
Rensselaer,Stephentown 1 & 2,President,19,DEM,Tom Steyer,0,
Rensselaer,Berlin 1 & 2,President,19,DEM,Michael Bennet,0,
Rensselaer,Brunswick 1 - 10,President,19,DEM,Michael Bennet,1,
Rensselaer,Grafton 1 & 2,President,19,DEM,Michael Bennet,1,
Rensselaer,Hoosick 1 - 7,President,19,DEM,Michael Bennet,0,
Rensselaer,Nassau 1 - 4,President,19,DEM,Michael Bennet,0,
Rensselaer,Petersburgh 1,President,19,DEM,Michael Bennet,0,
Rensselaer,Pittstown 1 - 6,President,19,DEM,Michael Bennet,0,
Rensselaer,Poestenkill 1 - 4,President,19,DEM,Michael Bennet,0,
Rensselaer,Sand Lake 1 - 6,President,19,DEM,Michael Bennet,0,
Rensselaer,Schaghticoke 1 - 7,President,19,DEM,Michael Bennet,0,
Rensselaer,"Schodack 2, 4, 7, 8, 9",President,19,DEM,Michael Bennet,0,
Rensselaer,Stephentown 1 & 2,President,19,DEM,Michael Bennet,0,
Rensselaer,Berlin 1 & 2,President,19,DEM,Elizabeth Warren,2,
Rensselaer,Brunswick 1 - 10,President,19,DEM,Elizabeth Warren,38,
Rensselaer,Grafton 1 & 2,President,19,DEM,Elizabeth Warren,10,
Rensselaer,Hoosick 1 - 7,President,19,DEM,Elizabeth Warren,8,
Rensselaer,Nassau 1 - 4,President,19,DEM,Elizabeth Warren,13,
Rensselaer,Petersburgh 1,President,19,DEM,Elizabeth Warren,1,
Rensselaer,Pittstown 1 - 6,President,19,DEM,Elizabeth Warren,4,
Rensselaer,Poestenkill 1 - 4,President,19,DEM,Elizabeth Warren,12,
Rensselaer,Sand Lake 1 - 6,President,19,DEM,Elizabeth Warren,29,
Rensselaer,Schaghticoke 1 - 7,President,19,DEM,Elizabeth Warren,13,
Rensselaer,"Schodack 2, 4, 7, 8, 9",President,19,DEM,Elizabeth Warren,20,
Rensselaer,Stephentown 1 & 2,President,19,DEM,Elizabeth Warren,12,
Rensselaer,Berlin 1 & 2,President,19,DEM,Andrew Yang,1,
Rensselaer,Brunswick 1 - 10,President,19,DEM,Andrew Yang,18,
Rensselaer,Grafton 1 & 2,President,19,DEM,Andrew Yang,0,
Rensselaer,Hoosick 1 - 7,President,19,DEM,Andrew Yang,2,
Rensselaer,Nassau 1 - 4,President,19,DEM,Andrew Yang,8,
Rensselaer,Petersburgh 1,President,19,DEM,Andrew Yang,1,
Rensselaer,Pittstown 1 - 6,President,19,DEM,Andrew Yang,2,
Rensselaer,Poestenkill 1 - 4,President,19,DEM,Andrew Yang,5,
Rensselaer,Sand Lake 1 - 6,President,19,DEM,Andrew Yang,11,
Rensselaer,Schaghticoke 1 - 7,President,19,DEM,Andrew Yang,5,
Rensselaer,"Schodack 2, 4, 7, 8, 9",President,19,DEM,Andrew Yang,1,
Rensselaer,Stephentown 1 & 2,President,19,DEM,Andrew Yang,1,
Rensselaer,Berlin 1 & 2,President,19,DEM,Deval Patrick,0,
Rensselaer,Brunswick 1 - 10,President,19,DEM,Deval Patrick,1,
Rensselaer,Grafton 1 & 2,President,19,DEM,Deval Patrick,0,
Rensselaer,Hoosick 1 - 7,President,19,DEM,Deval Patrick,1,
Rensselaer,Nassau 1 - 4,President,19,DEM,Deval Patrick,0,
Rensselaer,Petersburgh 1,President,19,DEM,Deval Patrick,0,
Rensselaer,Pittstown 1 - 6,President,19,DEM,Deval Patrick,2,
Rensselaer,Poestenkill 1 - 4,President,19,DEM,Deval Patrick,1,
Rensselaer,Sand Lake 1 - 6,President,19,DEM,Deval Patrick,2,
Rensselaer,Schaghticoke 1 - 7,President,19,DEM,Deval Patrick,1,
Rensselaer,"Schodack 2, 4, 7, 8, 9",President,19,DEM,Deval Patrick,0,
Rensselaer,Stephentown 1 & 2,President,19,DEM,Deval Patrick,0,
Rensselaer,Berlin 1 & 2,President,19,DEM,Blank,19,
Rensselaer,Brunswick 1 - 10,President,19,DEM,Blank,223,
Rensselaer,Grafton 1 & 2,President,19,DEM,Blank,0,
Rensselaer,Hoosick 1 - 7,President,19,DEM,Blank,0,
Rensselaer,Nassau 1 - 4,President,19,DEM,Blank,0,
Rensselaer,Petersburgh 1,President,19,DEM,Blank,0,
Rensselaer,Pittstown 1 - 6,President,19,DEM,Blank,0,
Rensselaer,Poestenkill 1 - 4,President,19,DEM,Blank,3,
Rensselaer,Sand Lake 1 - 6,President,19,DEM,Blank,5,
Rensselaer,Schaghticoke 1 - 7,President,19,DEM,Blank,3,
Rensselaer,"Schodack 2, 4, 7, 8, 9",President,19,DEM,Blank,2,
Rensselaer,Stephentown 1 & 2,President,19,DEM,Blank,1,
Rensselaer,East Greenbush 1 - 12,President,20,DEM,Pete Buttigieg,32,
Rensselaer,North Greenbush 1 - 8,President,20,DEM,Pete Buttigieg,19,
Rensselaer,"Schodack 1, 3, 5, 6, 10, 11",President,20,DEM,Pete Buttigieg,8,
Rensselaer,Rensselaer 1 - 6,President,20,DEM,Pete Buttigieg,12,
Rensselaer,Troy 1 - 30,President,20,DEM,Pete Buttigieg,31,
Rensselaer,East Greenbush 1 - 12,President,20,DEM,Amy Klobuchar,15,
Rensselaer,North Greenbush 1 - 8,President,20,DEM,Amy Klobuchar,12,
Rensselaer,"Schodack 1, 3, 5, 6, 10, 11",President,20,DEM,Amy Klobuchar,0,
Rensselaer,Rensselaer 1 - 6,President,20,DEM,Amy Klobuchar,11,
Rensselaer,Troy 1 - 30,President,20,DEM,Amy Klobuchar,15,
Rensselaer,East Greenbush 1 - 12,President,20,DEM,Joseph R. Biden,784,
Rensselaer,North Greenbush 1 - 8,President,20,DEM,Joseph R. Biden,684,
Rensselaer,"Schodack 1, 3, 5, 6, 10, 11",President,20,DEM,Joseph R. Biden,331,
Rensselaer,Rensselaer 1 - 6,President,20,DEM,Joseph R. Biden,404,
Rensselaer,Troy 1 - 30,President,20,DEM,Joseph R. Biden,1536,
Rensselaer,East Greenbush 1 - 12,President,20,DEM,Tulsi Gabbard,4,
Rensselaer,North Greenbush 1 - 8,President,20,DEM,Tulsi Gabbard,5,
Rensselaer,"Schodack 1, 3, 5, 6, 10, 11",President,20,DEM,Tulsi Gabbard,3,
Rensselaer,Rensselaer 1 - 6,President,20,DEM,Tulsi Gabbard,6,
Rensselaer,Troy 1 - 30,President,20,DEM,Tulsi Gabbard,8,
Rensselaer,East Greenbush 1 - 12,President,20,DEM,Bernie Sanders,201,
Rensselaer,North Greenbush 1 - 8,President,20,DEM,Bernie Sanders,177,
Rensselaer,"Schodack 1, 3, 5, 6, 10, 11",President,20,DEM,Bernie Sanders,71,
Rensselaer,Rensselaer 1 - 6,President,20,DEM,Bernie Sanders,108,
Rensselaer,Troy 1 - 30,President,20,DEM,Bernie Sanders,708,
Rensselaer,East Greenbush 1 - 12,President,20,DEM,Michael R. Bloomberg,9,
Rensselaer,North Greenbush 1 - 8,President,20,DEM,Michael R. Bloomberg,10,
Rensselaer,"Schodack 1, 3, 5, 6, 10, 11",President,20,DEM,Michael R. Bloomberg,4,
Rensselaer,Rensselaer 1 - 6,President,20,DEM,Michael R. Bloomberg,5,
Rensselaer,Troy 1 - 30,President,20,DEM,Michael R. Bloomberg,12,
Rensselaer,East Greenbush 1 - 12,President,20,DEM,Tom Steyer,0,
Rensselaer,North Greenbush 1 - 8,President,20,DEM,Tom Steyer,4,
Rensselaer,"Schodack 1, 3, 5, 6, 10, 11",President,20,DEM,Tom Steyer,0,
Rensselaer,Rensselaer 1 - 6,President,20,DEM,Tom Steyer,1,
Rensselaer,Troy 1 - 30,President,20,DEM,Tom Steyer,3,
Rensselaer,East Greenbush 1 - 12,President,20,DEM,Michael Bennet,2,
Rensselaer,North Greenbush 1 - 8,President,20,DEM,Michael Bennet,2,
Rensselaer,"Schodack 1, 3, 5, 6, 10, 11",President,20,DEM,Michael Bennet,0,
Rensselaer,Rensselaer 1 - 6,President,20,DEM,Michael Bennet,2,
Rensselaer,Troy 1 - 30,President,20,DEM,Michael Bennet,2,
Rensselaer,East Greenbush 1 - 12,President,20,DEM,Elizabeth Warren,51,
Rensselaer,North Greenbush 1 - 8,President,20,DEM,Elizabeth Warren,39,
Rensselaer,"Schodack 1, 3, 5, 6, 10, 11",President,20,DEM,Elizabeth Warren,30,
Rensselaer,Rensselaer 1 - 6,President,20,DEM,Elizabeth Warren,12,
Rensselaer,Troy 1 - 30,President,20,DEM,Elizabeth Warren,184,
Rensselaer,East Greenbush 1 - 12,President,20,DEM,Andrew Yang,6,
Rensselaer,North Greenbush 1 - 8,President,20,DEM,Andrew Yang,14,
Rensselaer,"Schodack 1, 3, 5, 6, 10, 11",President,20,DEM,Andrew Yang,3,
Rensselaer,Rensselaer 1 - 6,President,20,DEM,Andrew Yang,9,
Rensselaer,Troy 1 - 30,President,20,DEM,Andrew Yang,29,
Rensselaer,East Greenbush 1 - 12,President,20,DEM,Deval Patrick,0,
Rensselaer,North Greenbush 1 - 8,President,20,DEM,Deval Patrick,6,
Rensselaer,"Schodack 1, 3, 5, 6, 10, 11",President,20,DEM,Deval Patrick,1,
Rensselaer,Rensselaer 1 - 6,President,20,DEM,Deval Patrick,0,
Rensselaer,Troy 1 - 30,President,20,DEM,Deval Patrick,4,
Rensselaer,East Greenbush 1 - 12,President,20,DEM,Blank,2,
Rensselaer,North Greenbush 1 - 8,President,20,DEM,Blank,14,
Rensselaer,"Schodack 1, 3, 5, 6, 10, 11",President,20,DEM,Blank,0,
Rensselaer,Rensselaer 1 - 6,President,20,DEM,Blank,16,
Rensselaer,Troy 1 - 30,President,20,DEM,Blank,33,
Rensselaer,East Greenbush 1 - 12,President,20,DEM,Void,,
Rensselaer,North Greenbush 1 - 8,President,20,DEM,Void,,
Rensselaer,"Schodack 1, 3, 5, 6, 10, 11",President,20,DEM,Void,,
Rensselaer,Rensselaer 1 - 6,President,20,DEM,Void,,
Rensselaer,Troy 1 - 30,President,20,DEM,Void,2,
