county,precinct,office,district,candidate,party,votes
Orleans,Albion 1,Treasurer,,Kimberly C.L. DeFrank,REP,40
Orleans,Albion 1,Treasurer,,Write-in,,1
Orleans,Albion 1,Treasurer,,Under Votes,,13
Orleans,Albion 2,Treasurer,,Kimberly C.L. DeFrank,REP,53
Orleans,Albion 2,Treasurer,,Over Votes,,1
Orleans,Albion 2,Treasurer,,Under Votes,,39
Orleans,Albion 3,Treasurer,,Kimberly C.L. DeFrank,REP,33
Orleans,Albion 3,Treasurer,,Under Votes,,6
Orleans,Albion 4,Treasurer,,Kimberly C.L. DeFrank,REP,28
Orleans,Albion 4,Treasurer,,Over Votes,,2
Orleans,Albion 4,Treasurer,,Under Votes,,19
Orleans,Albion 5,Treasurer,,Kimberly C.L. DeFrank,REP,36
Orleans,Albion 5,Treasurer,,Over Votes,,1
Orleans,Albion 5,Treasurer,,Under Votes,,11
Orleans,Albion 6,Treasurer,,Kimberly C.L. DeFrank,REP,73
Orleans,Albion 6,Treasurer,,Write-in,,1
Orleans,Albion 6,Treasurer,,Over Votes,,1
Orleans,Albion 6,Treasurer,,Under Votes,,28
Orleans,Barra 1,Treasurer,,Kimberly C.L. DeFrank,REP,163
Orleans,Barra 1,Treasurer,,Write-in,,1
Orleans,Barra 1,Treasurer,,Over Votes,,1
Orleans,Barra 1,Treasurer,,Under Votes,,75
Orleans,Barra 2,Treasurer,,Kimberly C.L. DeFrank,REP,125
Orleans,Barra 2,Treasurer,,Under Votes,,53
Orleans,Carlton 1,Treasurer,,Kimberly C.L. DeFrank,REP,128
Orleans,Carlton 1,Treasurer,,Under Votes,,37
Orleans,Carlton 2,Treasurer,,Kimberly C.L. DeFrank,REP,80
Orleans,Carlton 2,Treasurer,,Under Votes,,29
Orleans,Carlton 3,Treasurer,,Kimberly C.L. DeFrank,REP,117
Orleans,Carlton 3,Treasurer,,Over Votes,,1
Orleans,Carlton 3,Treasurer,,Under Votes,,53
Orleans,Clarendon 1,Treasurer,,Kimberly C.L. DeFrank,REP,147
Orleans,Clarendon 1,Treasurer,,Write-in,,1
Orleans,Clarendon 1,Treasurer,,Under Votes,,44
Orleans,Clarendon 2,Treasurer,,Kimberly C.L. DeFrank,REP,79
Orleans,Clarendon 2,Treasurer,,Write-in,,3
Orleans,Clarendon 2,Treasurer,,Under Votes,,40
Orleans,Clarendon 3,Treasurer,,Kimberly C.L. DeFrank,REP,96
Orleans,Clarendon 3,Treasurer,,Under Votes,,38
Orleans,Gaines 1,Treasurer,,Kimberly C.L. DeFrank,REP,60
Orleans,Gaines 1,Treasurer,,Under Votes,,16
Orleans,Gaines 2,Treasurer,,Kimberly C.L. DeFrank,REP,42
Orleans,Gaines 2,Treasurer,,Under Votes,,20
Orleans,Gaines 3,Treasurer,,Kimberly C.L. DeFrank,REP,44
Orleans,Gaines 3,Treasurer,,Under Votes,,11
Orleans,Gaines 4,Treasurer,,Kimberly C.L. DeFrank,REP,52
Orleans,Gaines 4,Treasurer,,Write-in,,1
Orleans,Gaines 4,Treasurer,,Under Votes,,23
Orleans,Kendall 1,Treasurer,,Kimberly C.L. DeFrank,REP,138
Orleans,Kendall 1,Treasurer,,Under Votes,,35
Orleans,Kendall 2,Treasurer,,Kimberly C.L. DeFrank,REP,105
Orleans,Kendall 2,Treasurer,,Write-in,,1
Orleans,Kendall 2,Treasurer,,Over Votes,,1
Orleans,Kendall 2,Treasurer,,Under Votes,,22
Orleans,Kendall 3,Treasurer,,Kimberly C.L. DeFrank,REP,89
Orleans,Kendall 3,Treasurer,,Under Votes,,13
Orleans,Murray 1,Treasurer,,Kimberly C.L. DeFrank,REP,60
Orleans,Murray 1,Treasurer,,Under Votes,,24
Orleans,Murray 2,Treasurer,,Kimberly C.L. DeFrank,REP,60
Orleans,Murray 2,Treasurer,,Under Votes,,11
Orleans,Murray 3,Treasurer,,Kimberly C.L. DeFrank,REP,75
Orleans,Murray 3,Treasurer,,Under Votes,,30
Orleans,Murray 4,Treasurer,,Kimberly C.L. DeFrank,REP,120
Orleans,Murray 4,Treasurer,,Write-in,,1
Orleans,Murray 4,Treasurer,,Under Votes,,32
Orleans,Murray 5,Treasurer,,Kimberly C.L. DeFrank,REP,57
Orleans,Murray 5,Treasurer,,Write-in,,1
Orleans,Murray 5,Treasurer,,Over Votes,,1
Orleans,Murray 5,Treasurer,,Under Votes,,16
Orleans,Murray 6,Treasurer,,Kimberly C.L. DeFrank,REP,52
Orleans,Murray 6,Treasurer,,Write-in,,1
Orleans,Murray 6,Treasurer,,Under Votes,,19
Orleans,Ridgeway 1,Treasurer,,Kimberly C.L. DeFrank,REP,61
Orleans,Ridgeway 1,Treasurer,,Under Votes,,10
Orleans,Ridgeway 2,Treasurer,,Kimberly C.L. DeFrank,REP,37
Orleans,Ridgeway 2,Treasurer,,Write-in,,2
Orleans,Ridgeway 2,Treasurer,,Under Votes,,13
Orleans,Ridgeway 3,Treasurer,,Kimberly C.L. DeFrank,REP,35
Orleans,Ridgeway 3,Treasurer,,Under Votes,,6
Orleans,Ridgeway 4,Treasurer,,Kimberly C.L. DeFrank,REP,34
Orleans,Ridgeway 4,Treasurer,,Under Votes,,12
Orleans,Ridgeway 5,Treasurer,,Kimberly C.L. DeFrank,REP,36
Orleans,Ridgeway 5,Treasurer,,Under Votes,,22
Orleans,Ridgeway 6,Treasurer,,Kimberly C.L. DeFrank,REP,79
Orleans,Ridgeway 6,Treasurer,,Write-in,,1
Orleans,Ridgeway 6,Treasurer,,Under Votes,,18
Orleans,Ridgeway 7,Treasurer,,Kimberly C.L. DeFrank,REP,54
Orleans,Ridgeway 7,Treasurer,,Under Votes,,8
Orleans,Shelby 1,Treasurer,,Kimberly C.L. DeFrank,REP,126
Orleans,Shelby 1,Treasurer,,Write-in,,1
Orleans,Shelby 1,Treasurer,,Under Votes,,63
Orleans,Shelby 2,Treasurer,,Kimberly C.L. DeFrank,REP,102
Orleans,Shelby 2,Treasurer,,Write-in,,1
Orleans,Shelby 2,Treasurer,,Under Votes,,41
Orleans,Shelby 3,Treasurer,,Kimberly C.L. DeFrank,REP,46
Orleans,Shelby 3,Treasurer,,Under Votes,,24
Orleans,Shelby 4,Treasurer,,Kimberly C.L. DeFrank,REP,127
Orleans,Shelby 4,Treasurer,,Over Votes,,1
Orleans,Shelby 4,Treasurer,,Under Votes,,66
Orleans,Yates 1,Treasurer,,Kimberly C.L. DeFrank,REP,81
Orleans,Yates 1,Treasurer,,Under Votes,,56
Orleans,Yates 2,Treasurer,,Kimberly C.L. DeFrank,REP,98
Orleans,Yates 2,Treasurer,,Write-in,,3
Orleans,Yates 2,Treasurer,,Under Votes,,24
Orleans,Albion 1,County Legislator,At Large West,Merle (Skip) Draper,REP,41
Orleans,Albion 1,County Legislator,At Large West,Under Votes,,13
Orleans,Albion 2,County Legislator,At Large West,Merle (Skip) Draper,REP,48
Orleans,Albion 2,County Legislator,At Large West,Over Votes,,1
Orleans,Albion 2,County Legislator,At Large West,Under Votes,,44
Orleans,Albion 3,County Legislator,At Large West,Merle (Skip) Draper,REP,28
Orleans,Albion 3,County Legislator,At Large West,Under Votes,,11
Orleans,Albion 4,County Legislator,At Large West,Merle (Skip) Draper,REP,28
Orleans,Albion 4,County Legislator,At Large West,Over Votes,,2
Orleans,Albion 4,County Legislator,At Large West,Under Votes,,19
Orleans,Albion 5,County Legislator,At Large West,Merle (Skip) Draper,REP,32
Orleans,Albion 5,County Legislator,At Large West,Over Votes,,1
Orleans,Albion 5,County Legislator,At Large West,Under Votes,,15
Orleans,Albion 6,County Legislator,At Large West,Merle (Skip) Draper,REP,69
Orleans,Albion 6,County Legislator,At Large West,Write-in,,1
Orleans,Albion 6,County Legislator,At Large West,Over Votes,,1
Orleans,Albion 6,County Legislator,At Large West,Under Votes,,32
Orleans,Barre 1,County Legislator,At Large West,Merle (Skip) Draper,REP,149
Orleans,Barre 1,County Legislator,At Large West,Write-in,,2
Orleans,Barre 1,County Legislator,At Large West,Over Votes,,1
Orleans,Barre 1,County Legislator,At Large West,Under Votes,,88
Orleans,Barre 2,County Legislator,At Large West,Merle (Skip) Draper,REP,121
Orleans,Barre 2,County Legislator,At Large West,Write-in,,2
Orleans,Barre 2,County Legislator,At Large West,Under Votes,,55
Orleans,Carlton 1,County Legislator,At Large West,Merle (Skip) Draper,REP,116
Orleans,Carlton 1,County Legislator,At Large West,Under Votes,,49
Orleans,Carlton 2,County Legislator,At Large West,Merle (Skip) Draper,REP,71
Orleans,Carlton 2,County Legislator,At Large West,Under Votes,,38
Orleans,Carlton 3,County Legislator,At Large West,Merle (Skip) Draper,REP,111
Orleans,Carlton 3,County Legislator,At Large West,Over Votes,,1
Orleans,Carlton 3,County Legislator,At Large West,Under Votes,,59
Orleans,Clarendon 1,County Legislator,At Large West,Merle (Skip) Draper,REP,137
Orleans,Clarendon 1,County Legislator,At Large West,Under Votes,,55
Orleans,Clarendon 2,County Legislator,At Large West,Merle (Skip) Draper,REP,74
Orleans,Clarendon 2,County Legislator,At Large West,Write-in,,2
Orleans,Clarendon 2,County Legislator,At Large West,Under Votes,,46
Orleans,Clarendon 3,County Legislator,At Large West,Merle (Skip) Draper,REP,94
Orleans,Clarendon 3,County Legislator,At Large West,Under Votes,,40
Orleans,Gaines 1,County Legislator,At Large West,Merle (Skip) Draper,REP,52
Orleans,Gaines 1,County Legislator,At Large West,Under Votes,,24
Orleans,Gaines 2,County Legislator,At Large West,Merle (Skip) Draper,REP,36
Orleans,Gaines 2,County Legislator,At Large West,Under Votes,,26
Orleans,Gaines 3,County Legislator,At Large West,Merle (Skip) Draper,REP,39
Orleans,Gaines 3,County Legislator,At Large West,Under Votes,,16
Orleans,Gaines 4,County Legislator,At Large West,Merle (Skip) Draper,REP,48
Orleans,Gaines 4,County Legislator,At Large West,Over Votes,,1
Orleans,Gaines 4,County Legislator,At Large West,Under Votes,,27
Orleans,Kendall 1,County Legislator,At Large West,Merle (Skip) Draper,REP,127
Orleans,Kendall 1,County Legislator,At Large West,Write-in,,2
Orleans,Kendall 1,County Legislator,At Large West,Under Votes,,44
Orleans,Kendall 2,County Legislator,At Large West,Merle (Skip) Draper,REP,96
Orleans,Kendall 2,County Legislator,At Large West,Write-in,,1
Orleans,Kendall 2,County Legislator,At Large West,Over Votes,,1
Orleans,Kendall 2,County Legislator,At Large West,Under Votes,,31
Orleans,Kendall 3,County Legislator,At Large West,Merle (Skip) Draper,REP,80
Orleans,Kendall 3,County Legislator,At Large West,Under Votes,,22
Orleans,Murray 1,County Legislator,At Large West,Merle (Skip) Draper,REP,54
Orleans,Murray 1,County Legislator,At Large West,Write-in,,2
Orleans,Murray 1,County Legislator,At Large West,Under Votes,,28
Orleans,Murray 2,County Legislator,At Large West,Merle (Skip) Draper,REP,50
Orleans,Murray 2,County Legislator,At Large West,Under Votes,,21
Orleans,Murray 3,County Legislator,At Large West,Merle (Skip) Draper,REP,67
Orleans,Murray 3,County Legislator,At Large West,Write-in,,1
Orleans,Murray 3,County Legislator,At Large West,Under Votes,,37
Orleans,Murray 4,County Legislator,At Large West,Merle (Skip) Draper,REP,99
Orleans,Murray 4,County Legislator,At Large West,Under Votes,,54
Orleans,Murray 5,County Legislator,At Large West,Merle (Skip) Draper,REP,50
Orleans,Murray 5,County Legislator,At Large West,Under Votes,,25
Orleans,Murray 6,County Legislator,At Large West,Merle (Skip) Draper,REP,48
Orleans,Murray 6,County Legislator,At Large West,Write-in,,1
Orleans,Murray 6,County Legislator,At Large West,Under Votes,,23
Orleans,Ridgeway 1,County Legislator,At Large West,Merle (Skip) Draper,REP,57
Orleans,Ridgeway 1,County Legislator,At Large West,Under Votes,,14
Orleans,Ridgeway 2,County Legislator,At Large West,Merle (Skip) Draper,REP,37
Orleans,Ridgeway 2,County Legislator,At Large West,Write-in,,2
Orleans,Ridgeway 2,County Legislator,At Large West,Under Votes,,13
Orleans,Ridgeway 3,County Legislator,At Large West,Merle (Skip) Draper,REP,32
Orleans,Ridgeway 3,County Legislator,At Large West,Under Votes,,9
Orleans,Ridgeway 4,County Legislator,At Large West,Merle (Skip) Draper,REP,32
Orleans,Ridgeway 4,County Legislator,At Large West,Under Votes,,14
Orleans,Ridgeway 5,County Legislator,At Large West,Merle (Skip) Draper,REP,33
Orleans,Ridgeway 5,County Legislator,At Large West,Under Votes,,25
Orleans,Ridgeway 6,County Legislator,At Large West,Merle (Skip) Draper,REP,70
Orleans,Ridgeway 6,County Legislator,At Large West,Write-in,,1
Orleans,Ridgeway 6,County Legislator,At Large West,Under Votes,,27
Orleans,Ridgeway 7,County Legislator,At Large West,Merle (Skip) Draper,REP,49
Orleans,Ridgeway 7,County Legislator,At Large West,Write-in,,1
Orleans,Ridgeway 7,County Legislator,At Large West,Under Votes,,12
Orleans,Shelby 1,County Legislator,At Large West,Merle (Skip) Draper,REP,116
Orleans,Shelby 1,County Legislator,At Large West,Under Votes,,74
Orleans,Shelby 2,County Legislator,At Large West,Merle (Skip) Draper,REP,98
Orleans,Shelby 2,County Legislator,At Large West,Write-in,,1
Orleans,Shelby 2,County Legislator,At Large West,Under Votes,,45
Orleans,Shelby 3,County Legislator,At Large West,Merle (Skip) Draper,REP,45
Orleans,Shelby 3,County Legislator,At Large West,Under Votes,,25
Orleans,Shelby 4,County Legislator,At Large West,Merle (Skip) Draper,REP,128
Orleans,Shelby 4,County Legislator,At Large West,Write-in,,1
Orleans,Shelby 4,County Legislator,At Large West,Over Votes,,1
Orleans,Shelby 4,County Legislator,At Large West,Under Votes,,64
Orleans,Yates 1,County Legislator,At Large West,Merle (Skip) Draper,REP,82
Orleans,Yates 1,County Legislator,At Large West,Write-in,,1
Orleans,Yates 1,County Legislator,At Large West,Under Votes,,54
Orleans,Yates 2,County Legislator,At Large West,Merle (Skip) Draper,REP,88
Orleans,Yates 2,County Legislator,At Large West,Write-in,,3
Orleans,Yates 2,County Legislator,At Large West,Under Votes,,34
Orleans,Albion 1,County Legislator,At Large Central,Donald Allport,REP,39
Orleans,Albion 1,County Legislator,At Large Central,Under Votes,,15
Orleans,Albion 2,County Legislator,At Large Central,Donald Allport,REP,51
Orleans,Albion 2,County Legislator,At Large Central,Over Votes,,1
Orleans,Albion 2,County Legislator,At Large Central,Under Votes,,41
Orleans,Albion 3,County Legislator,At Large Central,Donald Allport,REP,27
Orleans,Albion 3,County Legislator,At Large Central,Under Votes,,12
Orleans,Albion 4,County Legislator,At Large Central,Donald Allport,REP,29
Orleans,Albion 4,County Legislator,At Large Central,Over Votes,,2
Orleans,Albion 4,County Legislator,At Large Central,Under Votes,,18
Orleans,Albion 5,County Legislator,At Large Central,Donald Allport,REP,34
Orleans,Albion 5,County Legislator,At Large Central,Over Votes,,1
Orleans,Albion 5,County Legislator,At Large Central,Under Votes,,13
Orleans,Albion 6,County Legislator,At Large Central,Donald Allport,REP,69
Orleans,Albion 6,County Legislator,At Large Central,Write-in,,1
Orleans,Albion 6,County Legislator,At Large Central,Over Votes,,1
Orleans,Albion 6,County Legislator,At Large Central,Under Votes,,32
Orleans,Barre 1,County Legislator,At Large Central,Donald Allport,REP,162
Orleans,Barre 1,County Legislator,At Large Central,Write-in,,2
Orleans,Barre 1,County Legislator,At Large Central,Over Votes,,1
Orleans,Barre 1,County Legislator,At Large Central,Under Votes,,75
Orleans,Barre 2,County Legislator,At Large Central,Donald Allport,REP,116
Orleans,Barre 2,County Legislator,At Large Central,Write-in,,2
Orleans,Barre 2,County Legislator,At Large Central,Under Votes,,60
Orleans,Carlton 1,County Legislator,At Large Central,Donald Allport,REP,124
Orleans,Carlton 1,County Legislator,At Large Central,Under Votes,,41
Orleans,Carlton 2,County Legislator,At Large Central,Donald Allport,REP,74
Orleans,Carlton 2,County Legislator,At Large Central,Under Votes,,35
Orleans,Carlton 3,County Legislator,At Large Central,Donald Allport,REP,109
Orleans,Carlton 3,County Legislator,At Large Central,Over Votes,,1
Orleans,Carlton 3,County Legislator,At Large Central,Under Votes,,61
Orleans,Clarendon 1,County Legislator,At Large Central,Donald Allport,REP,134
Orleans,Clarendon 1,County Legislator,At Large Central,Write-in,,1
Orleans,Clarendon 1,County Legislator,At Large Central,Under Votes,,57
Orleans,Clarendon 2,County Legislator,At Large Central,Donald Allport,REP,73
Orleans,Clarendon 2,County Legislator,At Large Central,Write-in,,1
Orleans,Clarendon 2,County Legislator,At Large Central,Over Votes,,1
Orleans,Clarendon 2,County Legislator,At Large Central,Under Votes,,47
Orleans,Clarendon 3,County Legislator,At Large Central,Donald Allport,REP,88
Orleans,Clarendon 3,County Legislator,At Large Central,Under Votes,,46
Orleans,Gaines 1,County Legislator,At Large Central,Donald Allport,REP,55
Orleans,Gaines 1,County Legislator,At Large Central,Under Votes,,21
Orleans,Gaines 2,County Legislator,At Large Central,Donald Allport,REP,41
Orleans,Gaines 2,County Legislator,At Large Central,Under Votes,,21
Orleans,Gaines 3,County Legislator,At Large Central,Donald Allport,REP,43
Orleans,Gaines 3,County Legislator,At Large Central,Under Votes,,12
Orleans,Gaines 4,County Legislator,At Large Central,Donald Allport,REP,52
Orleans,Gaines 4,County Legislator,At Large Central,Under Votes,,24
Orleans,Kendall 1,County Legislator,At Large Central,Donald Allport,REP,127
Orleans,Kendall 1,County Legislator,At Large Central,Under Votes,,46
Orleans,Kendall 2,County Legislator,At Large Central,Donald Allport,REP,98
Orleans,Kendall 2,County Legislator,At Large Central,Write-in,,1
Orleans,Kendall 2,County Legislator,At Large Central,Over Votes,,1
Orleans,Kendall 2,County Legislator,At Large Central,Under Votes,,29
Orleans,Kendall 3,County Legislator,At Large Central,Donald Allport,REP,81
Orleans,Kendall 3,County Legislator,At Large Central,Under Votes,,21
Orleans,Murray 1,County Legislator,At Large Central,Donald Allport,REP,57
Orleans,Murray 1,County Legislator,At Large Central,Write-in,,2
Orleans,Murray 1,County Legislator,At Large Central,Under Votes,,25
Orleans,Murray 2,County Legislator,At Large Central,Donald Allport,REP,49
Orleans,Murray 2,County Legislator,At Large Central,Under Votes,,22
Orleans,Murray 3,County Legislator,At Large Central,Donald Allport,REP,65
Orleans,Murray 3,County Legislator,At Large Central,Under Votes,,40
Orleans,Murray 4,County Legislator,At Large Central,Donald Allport,REP,96
Orleans,Murray 4,County Legislator,At Large Central,Under Votes,,57
Orleans,Murray 5,County Legislator,At Large Central,Donald Allport,REP,54
Orleans,Murray 5,County Legislator,At Large Central,Under Votes,,21
Orleans,Murray 6,County Legislator,At Large Central,Donald Allport,REP,50
Orleans,Murray 6,County Legislator,At Large Central,Write-in,,1
Orleans,Murray 6,County Legislator,At Large Central,Under Votes,,21
Orleans,Ridgeway 1,County Legislator,At Large Central,Donald Allport,REP,54
Orleans,Ridgeway 1,County Legislator,At Large Central,Under Votes,,17
Orleans,Ridgeway 2,County Legislator,At Large Central,Donald Allport,REP,35
Orleans,Ridgeway 2,County Legislator,At Large Central,Write-in,,2
Orleans,Ridgeway 2,County Legislator,At Large Central,Under Votes,,15
Orleans,Ridgeway 3,County Legislator,At Large Central,Donald Allport,REP,31
Orleans,Ridgeway 3,County Legislator,At Large Central,Under Votes,,10
Orleans,Ridgeway 4,County Legislator,At Large Central,Donald Allport,REP,32
Orleans,Ridgeway 4,County Legislator,At Large Central,Under Votes,,14
Orleans,Ridgeway 5,County Legislator,At Large Central,Donald Allport,REP,32
Orleans,Ridgeway 5,County Legislator,At Large Central,Under Votes,,26
Orleans,Ridgeway 6,County Legislator,At Large Central,Donald Allport,REP,71
Orleans,Ridgeway 6,County Legislator,At Large Central,Under Votes,,27
Orleans,Ridgeway 7,County Legislator,At Large Central,Donald Allport,REP,53
Orleans,Ridgeway 7,County Legislator,At Large Central,Under Votes,,9
Orleans,Shelby 1,County Legislator,At Large Central,Donald Allport,REP,112
Orleans,Shelby 1,County Legislator,At Large Central,Under Votes,,78
Orleans,Shelby 2,County Legislator,At Large Central,Donald Allport,REP,99
Orleans,Shelby 2,County Legislator,At Large Central,Under Votes,,45
Orleans,Shelby 3,County Legislator,At Large Central,Donald Allport,REP,44
Orleans,Shelby 3,County Legislator,At Large Central,Under Votes,,26
Orleans,Shelby 4,County Legislator,At Large Central,Donald Allport,REP,113
Orleans,Shelby 4,County Legislator,At Large Central,Over Votes,,1
Orleans,Shelby 4,County Legislator,At Large Central,Under Votes,,80
Orleans,Yates 1,County Legislator,At Large Central,Donald Allport,REP,80
Orleans,Yates 1,County Legislator,At Large Central,Under Votes,,57
Orleans,Yates 2,County Legislator,At Large Central,Donald Allport,REP,91
Orleans,Yates 2,County Legislator,At Large Central,Write-in,,3
Orleans,Yates 2,County Legislator,At Large Central,Under Votes,,31
Orleans,Albion 1,County Legislator,At Large East,Edward F. Morgan,REP,41
Orleans,Albion 1,County Legislator,At Large East,Write-in,,1
Orleans,Albion 1,County Legislator,At Large East,Under Votes,,12
Orleans,Albion 2,County Legislator,At Large East,Edward F. Morgan,REP,44
Orleans,Albion 2,County Legislator,At Large East,Over Votes,,1
Orleans,Albion 2,County Legislator,At Large East,Under Votes,,48
Orleans,Albion 3,County Legislator,At Large East,Edward F. Morgan,REP,28
Orleans,Albion 3,County Legislator,At Large East,Under Votes,,11
Orleans,Albion 4,County Legislator,At Large East,Edward F. Morgan,REP,28
Orleans,Albion 4,County Legislator,At Large East,Over Votes,,2
Orleans,Albion 4,County Legislator,At Large East,Under Votes,,19
Orleans,Albion 5,County Legislator,At Large East,Edward F. Morgan,REP,32
Orleans,Albion 5,County Legislator,At Large East,Over Votes,,1
Orleans,Albion 5,County Legislator,At Large East,Under Votes,,15
Orleans,Albion 6,County Legislator,At Large East,Edward F. Morgan,REP,70
Orleans,Albion 6,County Legislator,At Large East,Write-in,,1
Orleans,Albion 6,County Legislator,At Large East,Over Votes,,2
Orleans,Albion 6,County Legislator,At Large East,Under Votes,,30
Orleans,Barre 1,County Legislator,At Large East,Edward F. Morgan,REP,149
Orleans,Barre 1,County Legislator,At Large East,Over Votes,,1
Orleans,Barre 1,County Legislator,At Large East,Under Votes,,90
Orleans,Barre 2,County Legislator,At Large East,Edward F. Morgan,REP,118
Orleans,Barre 2,County Legislator,At Large East,Under Votes,,60
Orleans,Carlton 1,County Legislator,At Large East,Edward F. Morgan,REP,126
Orleans,Carlton 1,County Legislator,At Large East,Over Votes,,1
Orleans,Carlton 1,County Legislator,At Large East,Under Votes,,38
Orleans,Carlton 2,County Legislator,At Large East,Edward F. Morgan,REP,72
Orleans,Carlton 2,County Legislator,At Large East,Under Votes,,37
Orleans,Carlton 3,County Legislator,At Large East,Edward F. Morgan,REP,106
Orleans,Carlton 3,County Legislator,At Large East,Over Votes,,1
Orleans,Carlton 3,County Legislator,At Large East,Under Votes,,64
Orleans,Clarendon 1,County Legislator,At Large East,Edward F. Morgan,REP,135
Orleans,Clarendon 1,County Legislator,At Large East,Write-in,,1
Orleans,Clarendon 1,County Legislator,At Large East,Under Votes,,56
Orleans,Clarendon 2,County Legislator,At Large East,Edward F. Morgan,REP,72
Orleans,Clarendon 2,County Legislator,At Large East,Write-in,,2
Orleans,Clarendon 2,County Legislator,At Large East,Under Votes,,48
Orleans,Clarendon 3,County Legislator,At Large East,Edward F. Morgan,REP,100
Orleans,Clarendon 3,County Legislator,At Large East,Under Votes,,34
Orleans,Gaines 1,County Legislator,At Large East,Edward F. Morgan,REP,53
Orleans,Gaines 1,County Legislator,At Large East,Under Votes,,23
Orleans,Gaines 2,County Legislator,At Large East,Edward F. Morgan,REP,36
Orleans,Gaines 2,County Legislator,At Large East,Under Votes,,26
Orleans,Gaines 3,County Legislator,At Large East,Edward F. Morgan,REP,38
Orleans,Gaines 3,County Legislator,At Large East,Under Votes,,17
Orleans,Gaines 4,County Legislator,At Large East,Edward F. Morgan,REP,47
Orleans,Gaines 4,County Legislator,At Large East,Over Votes,,1
Orleans,Gaines 4,County Legislator,At Large East,Under Votes,,28
Orleans,Kendall 1,County Legislator,At Large East,Edward F. Morgan,REP,130
Orleans,Kendall 1,County Legislator,At Large East,Under Votes,,43
Orleans,Kendall 2,County Legislator,At Large East,Edward F. Morgan,REP,99
Orleans,Kendall 2,County Legislator,At Large East,Write-in,,2
Orleans,Kendall 2,County Legislator,At Large East,Over Votes,,1
Orleans,Kendall 2,County Legislator,At Large East,Under Votes,,27
Orleans,Kendall 3,County Legislator,At Large East,Edward F. Morgan,REP,78
Orleans,Kendall 3,County Legislator,At Large East,Under Votes,,24
Orleans,Murray 1,County Legislator,At Large East,Edward F. Morgan,REP,63
Orleans,Murray 1,County Legislator,At Large East,Write-in,,2
Orleans,Murray 1,County Legislator,At Large East,Under Votes,,19
Orleans,Murray 2,County Legislator,At Large East,Edward F. Morgan,REP,54
Orleans,Murray 2,County Legislator,At Large East,Under Votes,,17
Orleans,Murray 3,County Legislator,At Large East,Edward F. Morgan,REP,75
Orleans,Murray 3,County Legislator,At Large East,Write-in,,1
Orleans,Murray 3,County Legislator,At Large East,Under Votes,,29
Orleans,Murray 4,County Legislator,At Large East,Edward F. Morgan,REP,102
Orleans,Murray 4,County Legislator,At Large East,Write-in,,4
Orleans,Murray 4,County Legislator,At Large East,Under Votes,,47
Orleans,Murray 5,County Legislator,At Large East,Edward F. Morgan,REP,57
Orleans,Murray 5,County Legislator,At Large East,Write-in,,1
Orleans,Murray 5,County Legislator,At Large East,Under Votes,,17
Orleans,Murray 6,County Legislator,At Large East,Edward F. Morgan,REP,52
Orleans,Murray 6,County Legislator,At Large East,Write-in,,1
Orleans,Murray 6,County Legislator,At Large East,Under Votes,,19
Orleans,Ridgeway 1,County Legislator,At Large East,Edward F. Morgan,REP,51
Orleans,Ridgeway 1,County Legislator,At Large East,Under Votes,,20
Orleans,Ridgeway 2,County Legislator,At Large East,Edward F. Morgan,REP,36
Orleans,Ridgeway 2,County Legislator,At Large East,Write-in,,2
Orleans,Ridgeway 2,County Legislator,At Large East,Under Votes,,14
Orleans,Ridgeway 3,County Legislator,At Large East,Edward F. Morgan,REP,31
Orleans,Ridgeway 3,County Legislator,At Large East,Under Votes,,10
Orleans,Ridgeway 4,County Legislator,At Large East,Edward F. Morgan,REP,31
Orleans,Ridgeway 4,County Legislator,At Large East,Under Votes,,15
Orleans,Ridgeway 5,County Legislator,At Large East,Edward F. Morgan,REP,32
Orleans,Ridgeway 5,County Legislator,At Large East,Under Votes,,26
Orleans,Ridgeway 6,County Legislator,At Large East,Edward F. Morgan,REP,73
Orleans,Ridgeway 6,County Legislator,At Large East,Under Votes,,25
Orleans,Ridgeway 7,County Legislator,At Large East,Edward F. Morgan,REP,47
Orleans,Ridgeway 7,County Legislator,At Large East,Under Votes,,15
Orleans,Shelby 1,County Legislator,At Large East,Edward F. Morgan,REP,115
Orleans,Shelby 1,County Legislator,At Large East,Under Votes,,75
Orleans,Shelby 2,County Legislator,At Large East,Edward F. Morgan,REP,99
Orleans,Shelby 2,County Legislator,At Large East,Under Votes,,45
Orleans,Shelby 3,County Legislator,At Large East,Edward F. Morgan,REP,48
Orleans,Shelby 3,County Legislator,At Large East,Under Votes,,22
Orleans,Shelby 4,County Legislator,At Large East,Edward F. Morgan,REP,110
Orleans,Shelby 4,County Legislator,At Large East,Over Votes,,1
Orleans,Shelby 4,County Legislator,At Large East,Under Votes,,83
Orleans,Yates 1,County Legislator,At Large East,Edward F. Morgan,REP,76
Orleans,Yates 1,County Legislator,At Large East,Write-in,,1
Orleans,Yates 1,County Legislator,At Large East,Under Votes,,60
Orleans,Yates 2,County Legislator,At Large East,Edward F. Morgan,REP,88
Orleans,Yates 2,County Legislator,At Large East,Write-in,,3
Orleans,Yates 2,County Legislator,At Large East,Under Votes,,34
Orleans,Barre 1,County Legislator,1,William Eick,REP,153
Orleans,Barre 1,County Legislator,1,Over Votes,,1
Orleans,Barre 1,County Legislator,1,Under Votes,,86
Orleans,Barre 2,County Legislator,1,William Eick,REP,120
Orleans,Barre 2,County Legislator,1,Write-in,,1
Orleans,Barre 2,County Legislator,1,Over Votes,,1
Orleans,Barre 2,County Legislator,1,Under Votes,,56
Orleans,Clarendon 1,County Legislator,1,William Eick,REP,138
Orleans,Clarendon 1,County Legislator,1,Write-in,,1
Orleans,Clarendon 1,County Legislator,1,Under Votes,,53
Orleans,Clarendon 2,County Legislator,1,William Eick,REP,76
Orleans,Clarendon 2,County Legislator,1,Write-in,,3
Orleans,Clarendon 2,County Legislator,1,Under Votes,,43
Orleans,Clarendon 3,County Legislator,1,William Eick,REP,94
Orleans,Clarendon 3,County Legislator,1,Under Votes,,40
Orleans,Shelby 1,County Legislator,1,William Eick,REP,126
Orleans,Shelby 1,County Legislator,1,Write-in,,5
Orleans,Shelby 1,County Legislator,1,Under Votes,,59
Orleans,Shelby 2,County Legislator,1,William Eick,REP,101
Orleans,Shelby 2,County Legislator,1,Write-in,,1
Orleans,Shelby 2,County Legislator,1,Under Votes,,42
Orleans,Shelby 4,County Legislator,1,William Eick,REP,131
Orleans,Shelby 4,County Legislator,1,Write-in,,1
Orleans,Shelby 4,County Legislator,1,Over Votes,,1
Orleans,Shelby 4,County Legislator,1,Under Votes,,61
Orleans,Ridgeway 1,County Legislator,2,Lynne Johnson,REP,52
Orleans,Ridgeway 1,County Legislator,2,Under Votes,,19
Orleans,Ridgeway 2,County Legislator,2,Lynne Johnson,REP,34
Orleans,Ridgeway 2,County Legislator,2,Write-in,,2
Orleans,Ridgeway 2,County Legislator,2,Over Votes,,1
Orleans,Ridgeway 2,County Legislator,2,Under Votes,,15
Orleans,Ridgeway 3,County Legislator,2,Lynne Johnson,REP,32
Orleans,Ridgeway 3,County Legislator,2,Under Votes,,9
Orleans,Ridgeway 4,County Legislator,2,Lynne Johnson,REP,31
Orleans,Ridgeway 4,County Legislator,2,Under Votes,,15
Orleans,Ridgeway 5,County Legislator,2,Lynne Johnson,REP,36
Orleans,Ridgeway 5,County Legislator,2,Under Votes,,22
Orleans,Ridgeway 6,County Legislator,2,Lynne Johnson,REP,75
Orleans,Ridgeway 6,County Legislator,2,Under Votes,,23
Orleans,Ridgeway 7,County Legislator,2,Lynne Johnson,REP,50
Orleans,Ridgeway 7,County Legislator,2,Under Votes,,12
Orleans,Shelby 3,County Legislator,2,Lynne Johnson,REP,48
Orleans,Shelby 3,County Legislator,2,Under Votes,,22
Orleans,Yates 1,County Legislator,2,Lynne Johnson,REP,92
Orleans,Yates 1,County Legislator,2,Write-in,,2
Orleans,Yates 1,County Legislator,2,Under Votes,,43
Orleans,Yates 2,County Legislator,2,Lynne Johnson,REP,92
Orleans,Yates 2,County Legislator,2,Write-in,,3
Orleans,Yates 2,County Legislator,2,Under Votes,,30
Orleans,Albion 1,County Legislator,3,Fred Miller,DEM,31
Orleans,Albion 1,County Legislator,3,Over Votes,,1
Orleans,Albion 1,County Legislator,3,Under Votes,,22
Orleans,Albion 2,County Legislator,3,Fred Miller,DEM,59
Orleans,Albion 2,County Legislator,3,Write-in,,2
Orleans,Albion 2,County Legislator,3,Under Votes,,32
Orleans,Albion 3,County Legislator,3,Fred Miller,DEM,21
Orleans,Albion 3,County Legislator,3,Under Votes,,18
Orleans,Albion 4,County Legislator,3,Fred Miller,DEM,32
Orleans,Albion 4,County Legislator,3,Write-in,,1
Orleans,Albion 4,County Legislator,3,Under Votes,,16
Orleans,Albion 5,County Legislator,3,Fred Miller,DEM,23
Orleans,Albion 5,County Legislator,3,Under Votes,,25
Orleans,Albion 6,County Legislator,3,Fred Miller,DEM,62
Orleans,Albion 6,County Legislator,3,Write-in,,1
Orleans,Albion 6,County Legislator,3,Under Votes,,40
Orleans,Gaines 1,County Legislator,3,Fred Miller,DEM,49
Orleans,Gaines 1,County Legislator,3,Write-in,,1
Orleans,Gaines 1,County Legislator,3,Under Votes,,26
Orleans,Gaines 2,County Legislator,3,Fred Miller,DEM,29
Orleans,Gaines 2,County Legislator,3,Over Votes,,1
Orleans,Gaines 2,County Legislator,3,Under Votes,,32
Orleans,Gaines 3,County Legislator,3,Fred Miller,DEM,21
Orleans,Gaines 3,County Legislator,3,Write-in,,1
Orleans,Gaines 3,County Legislator,3,Under Votes,,33
Orleans,Gaines 4,County Legislator,3,Fred Miller,DEM,45
Orleans,Gaines 4,County Legislator,3,Over Votes,,1
Orleans,Gaines 4,County Legislator,3,Under Votes,,30
Orleans,Murray 5,County Legislator,3,Fred Miller,DEM,20
Orleans,Murray 5,County Legislator,3,Under Votes,,55
Orleans,Carlton 1,County Legislator,4,John M. Fitzak,REP,119
Orleans,Carlton 1,County Legislator,4,Write-in,,17
Orleans,Carlton 1,County Legislator,4,Over Votes,,1
Orleans,Carlton 1,County Legislator,4,Under Votes,,28
Orleans,Carlton 2,County Legislator,4,John M. Fitzak,REP,70
Orleans,Carlton 2,County Legislator,4,Write-in,,11
Orleans,Carlton 2,County Legislator,4,Under Votes,,28
Orleans,Carlton 3,County Legislator,4,John M. Fitzak,REP,106
Orleans,Carlton 3,County Legislator,4,Write-in,,7
Orleans,Carlton 3,County Legislator,4,Over Votes,,1
Orleans,Carlton 3,County Legislator,4,Under Votes,,57
Orleans,Kendall 1,County Legislator,4,John M. Fitzak,REP,127
Orleans,Kendall 1,County Legislator,4,Write-in,,6
Orleans,Kendall 1,County Legislator,4,Under Votes,,40
Orleans,Kendall 2,County Legislator,4,John M. Fitzak,REP,99
Orleans,Kendall 2,County Legislator,4,Write-in,,4
Orleans,Kendall 2,County Legislator,4,Over Votes,,1
Orleans,Kendall 2,County Legislator,4,Under Votes,,25
Orleans,Kendall 3,County Legislator,4,John M. Fitzak,REP,82
Orleans,Kendall 3,County Legislator,4,Under Votes,,20
Orleans,Murray 1,County Legislator,4,John M. Fitzak,REP,56
Orleans,Murray 1,County Legislator,4,Write-in,,5
Orleans,Murray 1,County Legislator,4,Under Votes,,23
Orleans,Murray 2,County Legislator,4,John M. Fitzak,REP,50
Orleans,Murray 2,County Legislator,4,Under Votes,,21
Orleans,Murray 3,County Legislator,4,John M. Fitzak,REP,63
Orleans,Murray 3,County Legislator,4,Write-in,,5
Orleans,Murray 3,County Legislator,4,Under Votes,,37
Orleans,Murray 4,County Legislator,4,John M. Fitzak,REP,96
Orleans,Murray 4,County Legislator,4,Write-in,,11
Orleans,Murray 4,County Legislator,4,Under Votes,,46
Orleans,Murray 6,County Legislator,4,John M. Fitzak,REP,49
Orleans,Murray 6,County Legislator,4,Write-in,,4
Orleans,Murray 6,County Legislator,4,Under Votes,,19
Orleans,Albion 1,Albion Supervisor,,F. Richard Remley,REP,38
Orleans,Albion 1,Albion Supervisor,,Write-in,,1
Orleans,Albion 1,Albion Supervisor,,Under Votes,,15
Orleans,Albion 2,Albion Supervisor,,F. Richard Remley,REP,56
Orleans,Albion 2,Albion Supervisor,,Over Votes,,1
Orleans,Albion 2,Albion Supervisor,,Under Votes,,36
Orleans,Albion 3,Albion Supervisor,,F. Richard Remley,REP,31
Orleans,Albion 3,Albion Supervisor,,Under Votes,,8
Orleans,Albion 4,Albion Supervisor,,F. Richard Remley,REP,30
Orleans,Albion 4,Albion Supervisor,,Over Votes,,2
Orleans,Albion 4,Albion Supervisor,,Under Votes,,17
Orleans,Albion 5,Albion Supervisor,,F. Richard Remley,REP,33
Orleans,Albion 5,Albion Supervisor,,Write-in,,1
Orleans,Albion 5,Albion Supervisor,,Over Votes,,1
Orleans,Albion 5,Albion Supervisor,,Under Votes,,13
Orleans,Albion 6,Albion Supervisor,,F. Richard Remley,REP,74
Orleans,Albion 6,Albion Supervisor,,Write-in,,2
Orleans,Albion 6,Albion Supervisor,,Over Votes,,1
Orleans,Albion 6,Albion Supervisor,,Under Votes,,26
Orleans,Albion 1,Albion Town Clerk (two years to fill vacancy),,Kim Hazel,REP,39
Orleans,Albion 1,Albion Town Clerk (two years to fill vacancy),,Write-in,,1
Orleans,Albion 1,Albion Town Clerk (two years to fill vacancy),,Under Votes,,14
Orleans,Albion 2,Albion Town Clerk (two years to fill vacancy),,Kim Hazel,REP,52
Orleans,Albion 2,Albion Town Clerk (two years to fill vacancy),,Write-in,,1
Orleans,Albion 2,Albion Town Clerk (two years to fill vacancy),,Over Votes,,1
Orleans,Albion 2,Albion Town Clerk (two years to fill vacancy),,Under Votes,,39
Orleans,Albion 3,Albion Town Clerk (two years to fill vacancy),,Kim Hazel,REP,33
Orleans,Albion 3,Albion Town Clerk (two years to fill vacancy),,Under Votes,,6
Orleans,Albion 4,Albion Town Clerk (two years to fill vacancy),,Kim Hazel,REP,31
Orleans,Albion 4,Albion Town Clerk (two years to fill vacancy),,Over Votes,,2
Orleans,Albion 4,Albion Town Clerk (two years to fill vacancy),,Under Votes,,16
Orleans,Albion 5,Albion Town Clerk (two years to fill vacancy),,Kim Hazel,REP,36
Orleans,Albion 5,Albion Town Clerk (two years to fill vacancy),,Over Votes,,1
Orleans,Albion 5,Albion Town Clerk (two years to fill vacancy),,Under Votes,,11
Orleans,Albion 6,Albion Town Clerk (two years to fill vacancy),,Kim Hazel,REP,73
Orleans,Albion 6,Albion Town Clerk (two years to fill vacancy),,Write-in,,1
Orleans,Albion 6,Albion Town Clerk (two years to fill vacancy),,Over Votes,,2
Orleans,Albion 6,Albion Town Clerk (two years to fill vacancy),,Under Votes,,27
Orleans,Albion 1,Albion Council Member,,"Arnold R. Allen, Jr.",REP,36
Orleans,Albion 1,Albion Council Member,,Sandra Bensley,REP,38
Orleans,Albion 1,Albion Council Member,,Write-in,,1
Orleans,Albion 1,Albion Council Member,,Under Votes,,33
Orleans,Albion 2,Albion Council Member,,"Arnold R. Allen, Jr.",REP,46
Orleans,Albion 2,Albion Council Member,,Sandra Bensley,REP,46
Orleans,Albion 2,Albion Council Member,,Over Votes,,1
Orleans,Albion 2,Albion Council Member,,Under Votes,,93
Orleans,Albion 3,Albion Council Member,,"Arnold R. Allen, Jr.",REP,30
Orleans,Albion 3,Albion Council Member,,Sandra Bensley,REP,30
Orleans,Albion 3,Albion Council Member,,Under Votes,,18
Orleans,Albion 4,Albion Council Member,,"Arnold R. Allen, Jr.",REP,29
Orleans,Albion 4,Albion Council Member,,Sandra Bensley,REP,28
Orleans,Albion 4,Albion Council Member,,Over Votes,,3
Orleans,Albion 4,Albion Council Member,,Under Votes,,38
Orleans,Albion 5,Albion Council Member,,"Arnold R. Allen, Jr.",REP,31
Orleans,Albion 5,Albion Council Member,,Sandra Bensley,REP,33
Orleans,Albion 5,Albion Council Member,,Over Votes,,2
Orleans,Albion 5,Albion Council Member,,Under Votes,,30
Orleans,Albion 6,Albion Council Member,,"Arnold R. Allen, Jr.",REP,70
Orleans,Albion 6,Albion Council Member,,Sandra Bensley,REP,71
Orleans,Albion 6,Albion Council Member,,Write-in,,1
Orleans,Albion 6,Albion Council Member,,Over Votes,,1
Orleans,Albion 6,Albion Council Member,,Under Votes,,63
Orleans,Barre 1,Barre Supervisor,,"Stephen Coville, II",REP,150
Orleans,Barre 1,Barre Supervisor,,"Stephen Coville, II",FBarre,21
Orleans,Barre 1,Barre Supervisor,,Write-in,,9
Orleans,Barre 1,Barre Supervisor,,Over Votes,,45
Orleans,Barre 1,Barre Supervisor,,Under Votes,,15
Orleans,Barre 2,Barre Supervisor,,"Stephen Coville, II",REP,102
Orleans,Barre 2,Barre Supervisor,,"Stephen Coville, II",FBarre,17
Orleans,Barre 2,Barre Supervisor,,Write-in,,9
Orleans,Barre 2,Barre Supervisor,,Over Votes,,33
Orleans,Barre 2,Barre Supervisor,,Under Votes,,17
Orleans,Barre 1,Barre Council Member,,Wesley Miller,REP,137
Orleans,Barre 1,Barre Council Member,,Wesley Miller,FBarre,24
Orleans,Barre 1,Barre Council Member,,David Allen,REP,137
Orleans,Barre 1,Barre Council Member,,David Allen,FBarre,24
Orleans,Barre 1,Barre Council Member,,Write-in,,129
Orleans,Barre 1,Barre Council Member,,Over Votes,,1
Orleans,Barre 1,Barre Council Member,,Under Votes,,28
Orleans,Barre 2,Barre Council Member,,Wesley Miller,REP,96
Orleans,Barre 2,Barre Council Member,,Wesley Miller,FBarre,13
Orleans,Barre 2,Barre Council Member,,David Allen,REP,98
Orleans,Barre 2,Barre Council Member,,David Allen,FBarre,12
Orleans,Barre 2,Barre Council Member,,Write-in,,109
Orleans,Barre 2,Barre Council Member,,Over Votes,,1
Orleans,Barre 2,Barre Council Member,,Under Votes,,27
Orleans,Carlton 1,Carlton Town Clerk,,Deborah J. Yockel,REP,134
Orleans,Carlton 1,Carlton Town Clerk,,Under Votes,,31
Orleans,Carlton 2,Carlton Town Clerk,,Deborah J. Yockel,REP,83
Orleans,Carlton 2,Carlton Town Clerk,,Under Votes,,26
Orleans,Carlton 3,Carlton Town Clerk,,Deborah J. Yockel,REP,120
Orleans,Carlton 3,Carlton Town Clerk,,Over Votes,,1
Orleans,Carlton 3,Carlton Town Clerk,,Under Votes,,50
Orleans,Carlton 1,Carlton Council Member,,John Olles,REP,123
Orleans,Carlton 1,Carlton Council Member,,Charles Ricci,REP,131
Orleans,Carlton 1,Carlton Council Member,,Write-in,,1
Orleans,Carlton 1,Carlton Council Member,,Under Votes,,75
Orleans,Carlton 2,Carlton Council Member,,John Olles,REP,74
Orleans,Carlton 2,Carlton Council Member,,Charles Ricci,REP,76
Orleans,Carlton 2,Carlton Council Member,,Under Votes,,68
Orleans,Carlton 3,Carlton Council Member,,John Olles,REP,111
Orleans,Carlton 3,Carlton Council Member,,Charles Ricci,REP,117
Orleans,Carlton 3,Carlton Council Member,,Under Votes,,114
Orleans,Carlton 1,Carlton Council Member to fill vacancy,,Marlene Seielstad,DEM,53
Orleans,Carlton 1,Carlton Council Member to fill vacancy,,Ryan Woolston,REP,103
Orleans,Carlton 1,Carlton Council Member to fill vacancy,,Write-in,,2
Orleans,Carlton 1,Carlton Council Member to fill vacancy,,Over Votes,,2
Orleans,Carlton 1,Carlton Council Member to fill vacancy,,Under Votes,,5
Orleans,Carlton 2,Carlton Council Member to fill vacancy,,Marlene Seielstad,DEM,35
Orleans,Carlton 2,Carlton Council Member to fill vacancy,,Ryan Woolston,REP,70
Orleans,Carlton 2,Carlton Council Member to fill vacancy,,Under Votes,,4
Orleans,Carlton 3,Carlton Council Member to fill vacancy,,Marlene Seielstad,DEM,53
Orleans,Carlton 3,Carlton Council Member to fill vacancy,,Ryan Woolston,REP,114
Orleans,Carlton 3,Carlton Council Member to fill vacancy,,Under Votes,,4
Orleans,Carlton 1,Carlton Superintendent of Highways,,Kurt VanWycke,REP,131
Orleans,Carlton 1,Carlton Superintendent of Highways,,Under Votes,,34
Orleans,Carlton 2,Carlton Superintendent of Highways,,Kurt VanWycke,REP,85
Orleans,Carlton 2,Carlton Superintendent of Highways,,Write-in,,1
Orleans,Carlton 2,Carlton Superintendent of Highways,,Under Votes,,23
Orleans,Carlton 3,Carlton Superintendent of Highways,,Kurt VanWycke,REP,112
Orleans,Carlton 3,Carlton Superintendent of Highways,,Over Votes,,3
Orleans,Carlton 3,Carlton Superintendent of Highways,,Under Votes,,56
Orleans,Clarendon 1,Clarendon Supervisor,,Marc P. Major,REP,142
Orleans,Clarendon 1,Clarendon Supervisor,,Write-in,,1
Orleans,Clarendon 1,Clarendon Supervisor,,Under Votes,,49
Orleans,Clarendon 2,Clarendon Supervisor,,Marc P. Major,REP,76
Orleans,Clarendon 2,Clarendon Supervisor,,Write-in,,2
Orleans,Clarendon 2,Clarendon Supervisor,,Under Votes,,44
Orleans,Clarendon 3,Clarendon Supervisor,,Marc P. Major,REP,102
Orleans,Clarendon 3,Clarendon Supervisor,,Under Votes,,32
Orleans,Clarendon 1,Clarendon Council Member,,Cecelia (Pacheco) Stevens,DEM,49
Orleans,Clarendon 1,Clarendon Council Member,,Christopher M. Caufield,REP,143
Orleans,Clarendon 1,Clarendon Council Member,,"Fred F. Seeman, III",REP,130
Orleans,Clarendon 1,Clarendon Council Member,,Over Votes,,2
Orleans,Clarendon 1,Clarendon Council Member,,Under Votes,,60
Orleans,Clarendon 2,Clarendon Council Member,,Cecelia (Pacheco) Stevens,DEM,46
Orleans,Clarendon 2,Clarendon Council Member,,Christopher M. Caufield,REP,73
Orleans,Clarendon 2,Clarendon Council Member,,"Fred F. Seeman, III",REP,75
Orleans,Clarendon 2,Clarendon Council Member,,Write-in,,1
Orleans,Clarendon 2,Clarendon Council Member,,Under Votes,,49
Orleans,Clarendon 3,Clarendon Council Member,,Cecelia (Pacheco) Stevens,DEM,30
Orleans,Clarendon 3,Clarendon Council Member,,Christopher M. Caufield,REP,95
Orleans,Clarendon 3,Clarendon Council Member,,"Fred F. Seeman, III",REP,105
Orleans,Clarendon 3,Clarendon Council Member,,Under Votes,,38
Orleans,Gaines 1,Gaines Supervisor,,Tyler Allport,REP,56
Orleans,Gaines 1,Gaines Supervisor,,Under Votes,,20
Orleans,Gaines 2,Gaines Supervisor,,Tyler Allport,REP,39
Orleans,Gaines 2,Gaines Supervisor,,Under Votes,,23
Orleans,Gaines 3,Gaines Supervisor,,Tyler Allport,REP,43
Orleans,Gaines 3,Gaines Supervisor,,Under Votes,,12
Orleans,Gaines 4,Gaines Supervisor,,Tyler Allport,REP,50
Orleans,Gaines 4,Gaines Supervisor,,Under Votes,,26
Orleans,Gaines 1,Gaines Town Clerk,,Janet Cheverie,REP,65
Orleans,Gaines 1,Gaines Town Clerk,,Under Votes,,11
Orleans,Gaines 2,Gaines Town Clerk,,Janet Cheverie,REP,50
Orleans,Gaines 2,Gaines Town Clerk,,Under Votes,,12
Orleans,Gaines 3,Gaines Town Clerk,,Janet Cheverie,REP,45
Orleans,Gaines 3,Gaines Town Clerk,,Under Votes,,10
Orleans,Gaines 4,Gaines Town Clerk,,Janet Cheverie,REP,58
Orleans,Gaines 4,Gaines Town Clerk,,Under Votes,,18
Orleans,Gaines 1,Gaines Council Member,,James R. Kirby,REP,62
Orleans,Gaines 1,Gaines Council Member,,Kenneth D. Rush,REP,58
Orleans,Gaines 1,Gaines Council Member,,Write-in,,1
Orleans,Gaines 1,Gaines Council Member,,Under Votes,,31
Orleans,Gaines 2,Gaines Council Member,,James R. Kirby,REP,42
Orleans,Gaines 2,Gaines Council Member,,Kenneth D. Rush,REP,43
Orleans,Gaines 2,Gaines Council Member,,Under Votes,,39
Orleans,Gaines 3,Gaines Council Member,,James R. Kirby,REP,47
Orleans,Gaines 3,Gaines Council Member,,Kenneth D. Rush,REP,40
Orleans,Gaines 3,Gaines Council Member,,Under Votes,,23
Orleans,Gaines 4,Gaines Council Member,,James R. Kirby,REP,54
Orleans,Gaines 4,Gaines Council Member,,Kenneth D. Rush,REP,51
Orleans,Gaines 4,Gaines Council Member,,Under Votes,,47
Orleans,Kendall 1,Kendall Supervisor,,Anthony Cammarata,REP,129
Orleans,Kendall 1,Kendall Supervisor,,Write-in,,3
Orleans,Kendall 1,Kendall Supervisor,,Under Votes,,41
Orleans,Kendall 2,Kendall Supervisor,,Anthony Cammarata,REP,97
Orleans,Kendall 2,Kendall Supervisor,,Write-in,,1
Orleans,Kendall 2,Kendall Supervisor,,Over Votes,,1
Orleans,Kendall 2,Kendall Supervisor,,Under Votes,,30
Orleans,Kendall 3,Kendall Supervisor,,Anthony Cammarata,REP,82
Orleans,Kendall 3,Kendall Supervisor,,Under Votes,,20
Orleans,Kendall 1,Kendall Town Clerk,,Tina Palumbo,REP,136
Orleans,Kendall 1,Kendall Town Clerk,,Under Votes,,37
Orleans,Kendall 2,Kendall Town Clerk,,Tina Palumbo,REP,105
Orleans,Kendall 2,Kendall Town Clerk,,Write-in,,2
Orleans,Kendall 2,Kendall Town Clerk,,Over Votes,,1
Orleans,Kendall 2,Kendall Town Clerk,,Under Votes,,21
Orleans,Kendall 3,Kendall Town Clerk,,Tina Palumbo,REP,89
Orleans,Kendall 3,Kendall Town Clerk,,Under Votes,,13
Orleans,Kendall 1,Kendall Council Member,,David Gaudioso,REP,128
Orleans,Kendall 1,Kendall Council Member,,Jeffrey Kinne,REP,126
Orleans,Kendall 1,Kendall Council Member,,Under Votes,,92
Orleans,Kendall 2,Kendall Council Member,,David Gaudioso,REP,92
Orleans,Kendall 2,Kendall Council Member,,Jeffrey Kinne,REP,98
Orleans,Kendall 2,Kendall Council Member,,Write-in,,1
Orleans,Kendall 2,Kendall Council Member,,Over Votes,,3
Orleans,Kendall 2,Kendall Council Member,,Under Votes,,64
Orleans,Kendall 3,Kendall Council Member,,David Gaudioso,REP,81
Orleans,Kendall 3,Kendall Council Member,,Jeffrey Kinne,REP,75
Orleans,Kendall 3,Kendall Council Member,,Write-in,,1
Orleans,Kendall 3,Kendall Council Member,,Under Votes,,47
Orleans,Kendall 1,Kendall Superintendent of Highways,,Eric Maxon,REP,144
Orleans,Kendall 1,Kendall Superintendent of Highways,,Write-in,,6
Orleans,Kendall 1,Kendall Superintendent of Highways,,Under Votes,,23
Orleans,Kendall 2,Kendall Superintendent of Highways,,Eric Maxon,REP,111
Orleans,Kendall 2,Kendall Superintendent of Highways,,Write-in,,2
Orleans,Kendall 2,Kendall Superintendent of Highways,,Over Votes,,1
Orleans,Kendall 2,Kendall Superintendent of Highways,,Under Votes,,15
Orleans,Kendall 3,Kendall Superintendent of Highways,,Eric Maxon,REP,94
Orleans,Kendall 3,Kendall Superintendent of Highways,,Under Votes,,8
Orleans,Murray 1,Murray Supervisor,,Gerald Rightmyer,REP,57
Orleans,Murray 1,Murray Supervisor,,Write-in,,11
Orleans,Murray 1,Murray Supervisor,,Under Votes,,16
Orleans,Murray 2,Murray Supervisor,,Gerald Rightmyer,REP,59
Orleans,Murray 2,Murray Supervisor,,Write-in,,1
Orleans,Murray 2,Murray Supervisor,,Under Votes,,11
Orleans,Murray 3,Murray Supervisor,,Gerald Rightmyer,REP,76
Orleans,Murray 3,Murray Supervisor,,Write-in,,6
Orleans,Murray 3,Murray Supervisor,,Under Votes,,23
Orleans,Murray 4,Murray Supervisor,,Gerald Rightmyer,REP,101
Orleans,Murray 4,Murray Supervisor,,Write-in,,14
Orleans,Murray 4,Murray Supervisor,,Over Votes,,1
Orleans,Murray 4,Murray Supervisor,,Under Votes,,37
Orleans,Murray 5,Murray Supervisor,,Gerald Rightmyer,REP,51
Orleans,Murray 5,Murray Supervisor,,Write-in,,10
Orleans,Murray 5,Murray Supervisor,,Under Votes,,14
Orleans,Murray 6,Murray Supervisor,,Gerald Rightmyer,REP,44
Orleans,Murray 6,Murray Supervisor,,Write-in,,10
Orleans,Murray 6,Murray Supervisor,,Over Votes,,1
Orleans,Murray 6,Murray Supervisor,,Under Votes,,17
Orleans,Murray 1,Murray Town Clerk,,Cynthia Oliver,REP,61
Orleans,Murray 1,Murray Town Clerk,,Write-in,,4
Orleans,Murray 1,Murray Town Clerk,,Under Votes,,19
Orleans,Murray 2,Murray Town Clerk,,Cynthia Oliver,REP,61
Orleans,Murray 2,Murray Town Clerk,,Under Votes,,10
Orleans,Murray 3,Murray Town Clerk,,Cynthia Oliver,REP,77
Orleans,Murray 3,Murray Town Clerk,,Write-in,,1
Orleans,Murray 3,Murray Town Clerk,,Over Votes,,1
Orleans,Murray 3,Murray Town Clerk,,Under Votes,,26
Orleans,Murray 4,Murray Town Clerk,,Cynthia Oliver,REP,119
Orleans,Murray 4,Murray Town Clerk,,Write-in,,7
Orleans,Murray 4,Murray Town Clerk,,Under Votes,,27
Orleans,Murray 5,Murray Town Clerk,,Cynthia Oliver,REP,55
Orleans,Murray 5,Murray Town Clerk,,Write-in,,3
Orleans,Murray 5,Murray Town Clerk,,Over Votes,,1
Orleans,Murray 5,Murray Town Clerk,,Under Votes,,16
Orleans,Murray 6,Murray Town Clerk,,Cynthia Oliver,REP,51
Orleans,Murray 6,Murray Town Clerk,,Write-in,,1
Orleans,Murray 6,Murray Town Clerk,,Under Votes,,20
Orleans,Murray 1,Murray Council Member,,Neil Valentine,REP,63
Orleans,Murray 1,Murray Council Member,,Elaine Berg,REP,60
Orleans,Murray 1,Murray Council Member,,Write-in,,2
Orleans,Murray 1,Murray Council Member,,Under Votes,,43
Orleans,Murray 2,Murray Council Member,,Neil Valentine,REP,56
Orleans,Murray 2,Murray Council Member,,Elaine Berg,REP,46
Orleans,Murray 2,Murray Council Member,,Under Votes,,40
Orleans,Murray 3,Murray Council Member,,Neil Valentine,REP,80
Orleans,Murray 3,Murray Council Member,,Elaine Berg,REP,59
Orleans,Murray 3,Murray Council Member,,Write-in,,1
Orleans,Murray 3,Murray Council Member,,Under Votes,,70
Orleans,Murray 4,Murray Council Member,,Neil Valentine,REP,113
Orleans,Murray 4,Murray Council Member,,Elaine Berg,REP,102
Orleans,Murray 4,Murray Council Member,,Write-in,,1
Orleans,Murray 4,Murray Council Member,,Under Votes,,90
Orleans,Murray 5,Murray Council Member,,Neil Valentine,REP,60
Orleans,Murray 5,Murray Council Member,,Elaine Berg,REP,60
Orleans,Murray 5,Murray Council Member,,Write-in,,2
Orleans,Murray 5,Murray Council Member,,Under Votes,,28
Orleans,Murray 6,Murray Council Member,,Neil Valentine,REP,44
Orleans,Murray 6,Murray Council Member,,Elaine Berg,REP,45
Orleans,Murray 6,Murray Council Member,,Write-in,,1
Orleans,Murray 6,Murray Council Member,,Over Votes,,1
Orleans,Murray 6,Murray Council Member,,Under Votes,,53
Orleans,Murray 1,Murray Council Member to fill Vacancy,,Scott J. Lang,REP,62
Orleans,Murray 1,Murray Council Member to fill Vacancy,,Write-in,,1
Orleans,Murray 1,Murray Council Member to fill Vacancy,,Under Votes,,21
Orleans,Murray 2,Murray Council Member to fill Vacancy,,Scott J. Lang,REP,47
Orleans,Murray 2,Murray Council Member to fill Vacancy,,Under Votes,,24
Orleans,Murray 3,Murray Council Member to fill Vacancy,,Scott J. Lang,REP,69
Orleans,Murray 3,Murray Council Member to fill Vacancy,,Under Votes,,36
Orleans,Murray 4,Murray Council Member to fill Vacancy,,Scott J. Lang,REP,99
Orleans,Murray 4,Murray Council Member to fill Vacancy,,Under Votes,,54
Orleans,Murray 5,Murray Council Member to fill Vacancy,,Scott J. Lang,REP,57
Orleans,Murray 5,Murray Council Member to fill Vacancy,,Write-in,,1
Orleans,Murray 5,Murray Council Member to fill Vacancy,,Under Votes,,17
Orleans,Murray 6,Murray Council Member to fill Vacancy,,Scott J. Lang,REP,47
Orleans,Murray 6,Murray Council Member to fill Vacancy,,Write-in,,1
Orleans,Murray 6,Murray Council Member to fill Vacancy,,Under Votes,,24
Orleans,Murray 1,Murray Superintendent of Highways,,"Dirk Lammes, Jr.",REP,53
Orleans,Murray 1,Murray Superintendent of Highways,,Write-in,,15
Orleans,Murray 1,Murray Superintendent of Highways,,Over Votes,,2
Orleans,Murray 1,Murray Superintendent of Highways,,Under Votes,,14
Orleans,Murray 2,Murray Superintendent of Highways,,"Dirk Lammes, Jr.",REP,36
Orleans,Murray 2,Murray Superintendent of Highways,,Write-in,,11
Orleans,Murray 2,Murray Superintendent of Highways,,Over Votes,,1
Orleans,Murray 2,Murray Superintendent of Highways,,Under Votes,,23
Orleans,Murray 3,Murray Superintendent of Highways,,"Dirk Lammes, Jr.",REP,54
Orleans,Murray 3,Murray Superintendent of Highways,,Write-in,,18
Orleans,Murray 3,Murray Superintendent of Highways,,Under Votes,,33
Orleans,Murray 4,Murray Superintendent of Highways,,"Dirk Lammes, Jr.",REP,87
Orleans,Murray 4,Murray Superintendent of Highways,,Write-in,,33
Orleans,Murray 4,Murray Superintendent of Highways,,Under Votes,,33
Orleans,Murray 5,Murray Superintendent of Highways,,"Dirk Lammes, Jr.",REP,49
Orleans,Murray 5,Murray Superintendent of Highways,,Write-in,,12
Orleans,Murray 5,Murray Superintendent of Highways,,Under Votes,,14
Orleans,Murray 6,Murray Superintendent of Highways,,"Dirk Lammes, Jr.",REP,43
Orleans,Murray 6,Murray Superintendent of Highways,,Write-in,,9
Orleans,Murray 6,Murray Superintendent of Highways,,Under Votes,,20
Orleans,Ridgeway 1,Ridgeway Town Clerk,,Hannah Hill,REP,63
Orleans,Ridgeway 1,Ridgeway Town Clerk,,Under Votes,,8
Orleans,Ridgeway 2,Ridgeway Town Clerk,,Hannah Hill,REP,39
Orleans,Ridgeway 2,Ridgeway Town Clerk,,Write-in,,2
Orleans,Ridgeway 2,Ridgeway Town Clerk,,Under Votes,,11
Orleans,Ridgeway 3,Ridgeway Town Clerk,,Hannah Hill,REP,35
Orleans,Ridgeway 3,Ridgeway Town Clerk,,Under Votes,,6
Orleans,Ridgeway 4,Ridgeway Town Clerk,,Hannah Hill,REP,37
Orleans,Ridgeway 4,Ridgeway Town Clerk,,Under Votes,,9
Orleans,Ridgeway 5,Ridgeway Town Clerk,,Hannah Hill,REP,43
Orleans,Ridgeway 5,Ridgeway Town Clerk,,Under Votes,,15
Orleans,Ridgeway 6,Ridgeway Town Clerk,,Hannah Hill,REP,82
Orleans,Ridgeway 6,Ridgeway Town Clerk,,Under Votes,,16
Orleans,Ridgeway 7,Ridgeway Town Clerk,,Hannah Hill,REP,54
Orleans,Ridgeway 7,Ridgeway Town Clerk,,Under Votes,,8
Orleans,Ridgeway 1,Ridgeway Council Member,,Cliff Barber,REP,62
Orleans,Ridgeway 1,Ridgeway Council Member,,Jesse Cudzilo,REP,47
Orleans,Ridgeway 1,Ridgeway Council Member,,Write-in,,2
Orleans,Ridgeway 1,Ridgeway Council Member,,Under Votes,,31
Orleans,Ridgeway 2,Ridgeway Council Member,,Cliff Barber,REP,36
Orleans,Ridgeway 2,Ridgeway Council Member,,Jesse Cudzilo,REP,35
Orleans,Ridgeway 2,Ridgeway Council Member,,Write-in,,3
Orleans,Ridgeway 2,Ridgeway Council Member,,Under Votes,,30
Orleans,Ridgeway 3,Ridgeway Council Member,,Cliff Barber,REP,36
Orleans,Ridgeway 3,Ridgeway Council Member,,Jesse Cudzilo,REP,30
Orleans,Ridgeway 3,Ridgeway Council Member,,Under Votes,,16
Orleans,Ridgeway 4,Ridgeway Council Member,,Cliff Barber,REP,33
Orleans,Ridgeway 4,Ridgeway Council Member,,Jesse Cudzilo,REP,31
Orleans,Ridgeway 4,Ridgeway Council Member,,Under Votes,,28
Orleans,Ridgeway 5,Ridgeway Council Member,,Cliff Barber,REP,37
Orleans,Ridgeway 5,Ridgeway Council Member,,Jesse Cudzilo,REP,36
Orleans,Ridgeway 5,Ridgeway Council Member,,Under Votes,,43
Orleans,Ridgeway 6,Ridgeway Council Member,,Cliff Barber,REP,75
Orleans,Ridgeway 6,Ridgeway Council Member,,Jesse Cudzilo,REP,65
Orleans,Ridgeway 6,Ridgeway Council Member,,Write-in,,6
Orleans,Ridgeway 6,Ridgeway Council Member,,Over Votes,,3
Orleans,Ridgeway 6,Ridgeway Council Member,,Under Votes,,47
Orleans,Ridgeway 7,Ridgeway Council Member,,Cliff Barber,REP,51
Orleans,Ridgeway 7,Ridgeway Council Member,,Jesse Cudzilo,REP,52
Orleans,Ridgeway 7,Ridgeway Council Member,,Under Votes,,21
Orleans,Ridgeway 1,Ridgeway Superintendent of Highway,,John W. Olinger,REP,64
Orleans,Ridgeway 1,Ridgeway Superintendent of Highway,,Under Votes,,7
Orleans,Ridgeway 2,Ridgeway Superintendent of Highway,,John W. Olinger,REP,35
Orleans,Ridgeway 2,Ridgeway Superintendent of Highway,,Write-in,,2
Orleans,Ridgeway 2,Ridgeway Superintendent of Highway,,Under Votes,,15
Orleans,Ridgeway 3,Ridgeway Superintendent of Highway,,John W. Olinger,REP,35
Orleans,Ridgeway 3,Ridgeway Superintendent of Highway,,Write-in,,3
Orleans,Ridgeway 3,Ridgeway Superintendent of Highway,,Under Votes,,3
Orleans,Ridgeway 4,Ridgeway Superintendent of Highway,,John W. Olinger,REP,34
Orleans,Ridgeway 4,Ridgeway Superintendent of Highway,,Under Votes,,12
Orleans,Ridgeway 5,Ridgeway Superintendent of Highway,,John W. Olinger,REP,36
Orleans,Ridgeway 5,Ridgeway Superintendent of Highway,,Under Votes,,22
Orleans,Ridgeway 6,Ridgeway Superintendent of Highway,,John W. Olinger,REP,81
Orleans,Ridgeway 6,Ridgeway Superintendent of Highway,,Write-in,,1
Orleans,Ridgeway 6,Ridgeway Superintendent of Highway,,Under Votes,,16
Orleans,Ridgeway 7,Ridgeway Superintendent of Highway,,John W. Olinger,REP,53
Orleans,Ridgeway 7,Ridgeway Superintendent of Highway,,Under Votes,,9
Orleans,Shelby 1,Shelby Supervisor,,James F. Heminway,REP,123
Orleans,Shelby 1,Shelby Supervisor,,James F. Heminway,CON,31
Orleans,Shelby 1,Shelby Supervisor,,Write-in,,1
Orleans,Shelby 1,Shelby Supervisor,,Over Votes,,1
Orleans,Shelby 1,Shelby Supervisor,,Under Votes,,34
Orleans,Shelby 2,Shelby Supervisor,,James F. Heminway,REP,111
Orleans,Shelby 2,Shelby Supervisor,,James F. Heminway,CON,16
Orleans,Shelby 2,Shelby Supervisor,,Under Votes,,17
Orleans,Shelby 3,Shelby Supervisor,,James F. Heminway,REP,47
Orleans,Shelby 3,Shelby Supervisor,,James F. Heminway,CON,13
Orleans,Shelby 3,Shelby Supervisor,,Under Votes,,10
Orleans,Shelby 4,Shelby Supervisor,,James F. Heminway,REP,133
Orleans,Shelby 4,Shelby Supervisor,,James F. Heminway,CON,21
Orleans,Shelby 4,Shelby Supervisor,,Over Votes,,1
Orleans,Shelby 4,Shelby Supervisor,,Under Votes,,39
Orleans,Shelby 1,Shelby Council Member,,"Lawrence M. Waters, Sr.",REP,105
Orleans,Shelby 1,Shelby Council Member,,"Lawrence M. Waters, Sr.",CON,25
Orleans,Shelby 1,Shelby Council Member,,Edward Mathew Zelazny,REP,111
Orleans,Shelby 1,Shelby Council Member,,Edward Mathew Zelazny,CON,31
Orleans,Shelby 1,Shelby Council Member,,Write-in,,5
Orleans,Shelby 1,Shelby Council Member,,Under Votes,,103
Orleans,Shelby 2,Shelby Council Member,,"Lawrence M. Waters, Sr.",REP,94
Orleans,Shelby 2,Shelby Council Member,,"Lawrence M. Waters, Sr.",CON,14
Orleans,Shelby 2,Shelby Council Member,,Edward Mathew Zelazny,REP,102
Orleans,Shelby 2,Shelby Council Member,,Edward Mathew Zelazny,CON,15
Orleans,Shelby 2,Shelby Council Member,,Under Votes,,63
Orleans,Shelby 3,Shelby Council Member,,"Lawrence M. Waters, Sr.",REP,35
Orleans,Shelby 3,Shelby Council Member,,"Lawrence M. Waters, Sr.",CON,13
Orleans,Shelby 3,Shelby Council Member,,Edward Mathew Zelazny,REP,42
Orleans,Shelby 3,Shelby Council Member,,Edward Mathew Zelazny,CON,12
Orleans,Shelby 3,Shelby Council Member,,Under Votes,,38
Orleans,Shelby 4,Shelby Council Member,,"Lawrence M. Waters, Sr.",REP,107
Orleans,Shelby 4,Shelby Council Member,,"Lawrence M. Waters, Sr.",CON,21
Orleans,Shelby 4,Shelby Council Member,,Edward Mathew Zelazny,REP,121
Orleans,Shelby 4,Shelby Council Member,,Edward Mathew Zelazny,CON,22
Orleans,Shelby 4,Shelby Council Member,,Write-in,,3
Orleans,Shelby 4,Shelby Council Member,,Over Votes,,4
Orleans,Shelby 4,Shelby Council Member,,Under Votes,,110
Orleans,Shelby 1,Shelby Council Member to fill vacancy,,"John Pratt, III",REP,129
Orleans,Shelby 1,Shelby Council Member to fill vacancy,,Mark L. Wambach,CON,53
Orleans,Shelby 1,Shelby Council Member to fill vacancy,,Under Votes,,8
Orleans,Shelby 2,Shelby Council Member to fill vacancy,,"John Pratt, III",REP,103
Orleans,Shelby 2,Shelby Council Member to fill vacancy,,Mark L. Wambach,CON,29
Orleans,Shelby 2,Shelby Council Member to fill vacancy,,Write-in,,2
Orleans,Shelby 2,Shelby Council Member to fill vacancy,,Under Votes,,10
Orleans,Shelby 3,Shelby Council Member to fill vacancy,,"John Pratt, III",REP,40
Orleans,Shelby 3,Shelby Council Member to fill vacancy,,Mark L. Wambach,CON,22
Orleans,Shelby 3,Shelby Council Member to fill vacancy,,Under Votes,,8
Orleans,Shelby 4,Shelby Council Member to fill vacancy,,"John Pratt, III",REP,134
Orleans,Shelby 4,Shelby Council Member to fill vacancy,,Mark L. Wambach,CON,43
Orleans,Shelby 4,Shelby Council Member to fill vacancy,,Over Votes,,1
Orleans,Shelby 4,Shelby Council Member to fill vacancy,,Under Votes,,16
Orleans,Yates 1,Yates Supervisor,,James Simon,REP,88
Orleans,Yates 1,Yates Supervisor,,Write-in,,3
Orleans,Yates 1,Yates Supervisor,,Under Votes,,46
Orleans,Yates 2,Yates Supervisor,,James Simon,REP,94
Orleans,Yates 2,Yates Supervisor,,Write-in,,3
Orleans,Yates 2,Yates Supervisor,,Under Votes,,28
Orleans,Yales 1,Yates Council Member,,William C. Jurinich,REP,69
Orleans,Yales 1,Yates Council Member,,William C. Jurinich,CON,19
Orleans,Yales 1,Yates Council Member,,Harold Suhr,REP,83
Orleans,Yales 1,Yates Council Member,,Write-in,,3
Orleans,Yales 1,Yates Council Member,,Under Votes,,100
Orleans,Yales 2,Yates Council Member,,William C. Jurinich,REP,82
Orleans,Yales 2,Yates Council Member,,William C. Jurinich,CON,18
Orleans,Yales 2,Yates Council Member,,Harold Suhr,REP,73
Orleans,Yales 2,Yates Council Member,,Write-in,,4
Orleans,Yales 2,Yates Council Member,,Under Votes,,73
Orleans,Yates 1,Yates Council Member,,Steven Vann,REP,77
Orleans,Yates 1,Yates Council Member,,Steven Vann,CON,17
Orleans,Yates 1,Yates Council Member,,Write-in,,2
Orleans,Yates 1,Yates Council Member,,Under Votes,,41
Orleans,Yates 2,Yates Council Member,,Steven Vann,REP,81
Orleans,Yates 2,Yates Council Member,,Steven Vann,CON,18
Orleans,Yates 2,Yates Council Member,,Write-in,,3
Orleans,Yates 2,Yates Council Member,,Under Votes,,23
Orleans,Albion 1,State Supreme Court Justice,8,Shannon Heneghan,DEM,14
Orleans,Albion 1,State Supreme Court Justice,8,Shannon Heneghan,REP,31
Orleans,Albion 1,State Supreme Court Justice,8,Shannon Heneghan,CON,4
Orleans,Albion 1,State Supreme Court Justice,8,Shannon Heneghan,WOR,1
Orleans,Albion 1,State Supreme Court Justice,8,Jorge S. deRosas,DEM,13
Orleans,Albion 1,State Supreme Court Justice,8,Jorge S. deRosas,REP,29
Orleans,Albion 1,State Supreme Court Justice,8,Jorge S. deRosas,CON,4
Orleans,Albion 1,State Supreme Court Justice,8,Under Votes,,12
Orleans,Albion 2,State Supreme Court Justice,8,Shannon Heneghan,DEM,44
Orleans,Albion 2,State Supreme Court Justice,8,Shannon Heneghan,REP,29
Orleans,Albion 2,State Supreme Court Justice,8,Shannon Heneghan,CON,5
Orleans,Albion 2,State Supreme Court Justice,8,Shannon Heneghan,WOR,3
Orleans,Albion 2,State Supreme Court Justice,8,Jorge S. deRosas,DEM,41
Orleans,Albion 2,State Supreme Court Justice,8,Jorge S. deRosas,REP,28
Orleans,Albion 2,State Supreme Court Justice,8,Jorge S. deRosas,CON,8
Orleans,Albion 2,State Supreme Court Justice,8,Under Votes,,28
Orleans,Albion 3,State Supreme Court Justice,8,Shannon Heneghan,DEM,12
Orleans,Albion 3,State Supreme Court Justice,8,Shannon Heneghan,REP,20
Orleans,Albion 3,State Supreme Court Justice,8,Shannon Heneghan,CON,4
Orleans,Albion 3,State Supreme Court Justice,8,Shannon Heneghan,WOR,0
Orleans,Albion 3,State Supreme Court Justice,8,Jorge S. deRosas,DEM,11
Orleans,Albion 3,State Supreme Court Justice,8,Jorge S. deRosas,REP,19
Orleans,Albion 3,State Supreme Court Justice,8,Jorge S. deRosas,CON,4
Orleans,Albion 3,State Supreme Court Justice,8,Write-in,,1
Orleans,Albion 3,State Supreme Court Justice,8,Over Votes,,1
Orleans,Albion 3,State Supreme Court Justice,8,Under Votes,,6
Orleans,Albion 4,State Supreme Court Justice,8,Shannon Heneghan,DEM,17
Orleans,Albion 4,State Supreme Court Justice,8,Shannon Heneghan,REP,18
Orleans,Albion 4,State Supreme Court Justice,8,Shannon Heneghan,CON,2
Orleans,Albion 4,State Supreme Court Justice,8,Shannon Heneghan,WOR,2
Orleans,Albion 4,State Supreme Court Justice,8,Jorge S. deRosas,DEM,16
Orleans,Albion 4,State Supreme Court Justice,8,Jorge S. deRosas,REP,16
Orleans,Albion 4,State Supreme Court Justice,8,Jorge S. deRosas,CON,3
Orleans,Albion 4,State Supreme Court Justice,8,Under Votes,,24
Orleans,Albion 5,State Supreme Court Justice,8,Shannon Heneghan,DEM,14
Orleans,Albion 5,State Supreme Court Justice,8,Shannon Heneghan,REP,22
Orleans,Albion 5,State Supreme Court Justice,8,Shannon Heneghan,CON,8
Orleans,Albion 5,State Supreme Court Justice,8,Shannon Heneghan,WOR,1
Orleans,Albion 5,State Supreme Court Justice,8,Jorge S. deRosas,DEM,14
Orleans,Albion 5,State Supreme Court Justice,8,Jorge S. deRosas,REP,17
Orleans,Albion 5,State Supreme Court Justice,8,Jorge S. deRosas,CON,6
Orleans,Albion 5,State Supreme Court Justice,8,Under Votes,,14
Orleans,Albion 6,State Supreme Court Justice,8,Shannon Heneghan,DEM,22
Orleans,Albion 6,State Supreme Court Justice,8,Shannon Heneghan,REP,61
Orleans,Albion 6,State Supreme Court Justice,8,Shannon Heneghan,CON,6
Orleans,Albion 6,State Supreme Court Justice,8,Shannon Heneghan,WOR,2
Orleans,Albion 6,State Supreme Court Justice,8,Jorge S. deRosas,DEM,22
Orleans,Albion 6,State Supreme Court Justice,8,Jorge S. deRosas,REP,54
Orleans,Albion 6,State Supreme Court Justice,8,Jorge S. deRosas,CON,7
Orleans,Albion 6,State Supreme Court Justice,8,Under Votes,,32
Orleans,Barre 1,State Supreme Court Justice,8,Shannon Heneghan,DEM,21
Orleans,Barre 1,State Supreme Court Justice,8,Shannon Heneghan,REP,123
Orleans,Barre 1,State Supreme Court Justice,8,Shannon Heneghan,CON,13
Orleans,Barre 1,State Supreme Court Justice,8,Shannon Heneghan,WOR,6
Orleans,Barre 1,State Supreme Court Justice,8,Jorge S. deRosas,DEM,22
Orleans,Barre 1,State Supreme Court Justice,8,Jorge S. deRosas,REP,116
Orleans,Barre 1,State Supreme Court Justice,8,Jorge S. deRosas,CON,15
Orleans,Barre 1,State Supreme Court Justice,8,Write-in,,3
Orleans,Barre 1,State Supreme Court Justice,8,Over Votes,,3
Orleans,Barre 1,State Supreme Court Justice,8,Under Votes,,158
Orleans,Barre 2,State Supreme Court Justice,8,Shannon Heneghan,DEM,14
Orleans,Barre 2,State Supreme Court Justice,8,Shannon Heneghan,REP,105
Orleans,Barre 2,State Supreme Court Justice,8,Shannon Heneghan,CON,9
Orleans,Barre 2,State Supreme Court Justice,8,Shannon Heneghan,WOR,3
Orleans,Barre 2,State Supreme Court Justice,8,Jorge S. deRosas,DEM,12
Orleans,Barre 2,State Supreme Court Justice,8,Jorge S. deRosas,REP,100
Orleans,Barre 2,State Supreme Court Justice,8,Jorge S. deRosas,CON,11
Orleans,Barre 2,State Supreme Court Justice,8,Over Votes,,2
Orleans,Barre 2,State Supreme Court Justice,8,Under Votes,,100
Orleans,Carlton 1,State Supreme Court Justice,8,Shannon Heneghan,DEM,32
Orleans,Carlton 1,State Supreme Court Justice,8,Shannon Heneghan,REP,94
Orleans,Carlton 1,State Supreme Court Justice,8,Shannon Heneghan,CON,18
Orleans,Carlton 1,State Supreme Court Justice,8,Shannon Heneghan,WOR,1
Orleans,Carlton 1,State Supreme Court Justice,8,Jorge S. deRosas,DEM,37
Orleans,Carlton 1,State Supreme Court Justice,8,Jorge S. deRosas,REP,84
Orleans,Carlton 1,State Supreme Court Justice,8,Jorge S. deRosas,CON,15
Orleans,Carlton 1,State Supreme Court Justice,8,Over Votes,,1
Orleans,Carlton 1,State Supreme Court Justice,8,Under Votes,,48
Orleans,Carlton 2,State Supreme Court Justice,8,Shannon Heneghan,DEM,23
Orleans,Carlton 2,State Supreme Court Justice,8,Shannon Heneghan,REP,60
Orleans,Carlton 2,State Supreme Court Justice,8,Shannon Heneghan,CON,7
Orleans,Carlton 2,State Supreme Court Justice,8,Shannon Heneghan,WOR,0
Orleans,Carlton 2,State Supreme Court Justice,8,Jorge S. deRosas,DEM,18
Orleans,Carlton 2,State Supreme Court Justice,8,Jorge S. deRosas,REP,57
Orleans,Carlton 2,State Supreme Court Justice,8,Jorge S. deRosas,CON,5
Orleans,Carlton 2,State Supreme Court Justice,8,Write-in,,1
Orleans,Carlton 2,State Supreme Court Justice,8,Over Votes,,1
Orleans,Carlton 2,State Supreme Court Justice,8,Under Votes,,46
Orleans,Carlton 3,State Supreme Court Justice,8,Shannon Heneghan,DEM,39
Orleans,Carlton 3,State Supreme Court Justice,8,Shannon Heneghan,REP,85
Orleans,Carlton 3,State Supreme Court Justice,8,Shannon Heneghan,CON,10
Orleans,Carlton 3,State Supreme Court Justice,8,Shannon Heneghan,WOR,2
Orleans,Carlton 3,State Supreme Court Justice,8,Jorge S. deRosas,DEM,40
Orleans,Carlton 3,State Supreme Court Justice,8,Jorge S. deRosas,REP,77
Orleans,Carlton 3,State Supreme Court Justice,8,Jorge S. deRosas,CON,7
Orleans,Carlton 3,State Supreme Court Justice,8,Under Votes,,82
Orleans,Clarendon 1,State Supreme Court Justice,8,Shannon Heneghan,DEM,40
Orleans,Clarendon 1,State Supreme Court Justice,8,Shannon Heneghan,REP,114
Orleans,Clarendon 1,State Supreme Court Justice,8,Shannon Heneghan,CON,18
Orleans,Clarendon 1,State Supreme Court Justice,8,Shannon Heneghan,WOR,1
Orleans,Clarendon 1,State Supreme Court Justice,8,Jorge S. deRosas,DEM,38
Orleans,Clarendon 1,State Supreme Court Justice,8,Jorge S. deRosas,REP,103
Orleans,Clarendon 1,State Supreme Court Justice,8,Jorge S. deRosas,CON,19
Orleans,Clarendon 1,State Supreme Court Justice,8,Under Votes,,51
Orleans,Clarendon 2,State Supreme Court Justice,8,Shannon Heneghan,DEM,35
Orleans,Clarendon 2,State Supreme Court Justice,8,Shannon Heneghan,REP,62
Orleans,Clarendon 2,State Supreme Court Justice,8,Shannon Heneghan,CON,4
Orleans,Clarendon 2,State Supreme Court Justice,8,Shannon Heneghan,WOR,2
Orleans,Clarendon 2,State Supreme Court Justice,8,Jorge S. deRosas,DEM,31
Orleans,Clarendon 2,State Supreme Court Justice,8,Jorge S. deRosas,REP,56
Orleans,Clarendon 2,State Supreme Court Justice,8,Jorge S. deRosas,CON,4
Orleans,Clarendon 2,State Supreme Court Justice,8,Under Votes,,50
Orleans,Clarendon 3,State Supreme Court Justice,8,Shannon Heneghan,DEM,21
Orleans,Clarendon 3,State Supreme Court Justice,8,Shannon Heneghan,REP,86
Orleans,Clarendon 3,State Supreme Court Justice,8,Shannon Heneghan,CON,6
Orleans,Clarendon 3,State Supreme Court Justice,8,Shannon Heneghan,WOR,3
Orleans,Clarendon 3,State Supreme Court Justice,8,Jorge S. deRosas,DEM,22
Orleans,Clarendon 3,State Supreme Court Justice,8,Jorge S. deRosas,REP,79
Orleans,Clarendon 3,State Supreme Court Justice,8,Jorge S. deRosas,CON,6
Orleans,Clarendon 3,State Supreme Court Justice,8,Under Votes,,45
Orleans,Gaines 1,State Supreme Court Justice,8,Shannon Heneghan,DEM,18
Orleans,Gaines 1,State Supreme Court Justice,8,Shannon Heneghan,REP,45
Orleans,Gaines 1,State Supreme Court Justice,8,Shannon Heneghan,CON,1
Orleans,Gaines 1,State Supreme Court Justice,8,Shannon Heneghan,WOR,1
Orleans,Gaines 1,State Supreme Court Justice,8,Jorge S. deRosas,DEM,15
Orleans,Gaines 1,State Supreme Court Justice,8,Jorge S. deRosas,REP,39
Orleans,Gaines 1,State Supreme Court Justice,8,Jorge S. deRosas,CON,3
Orleans,Gaines 1,State Supreme Court Justice,8,Under Votes,,30
Orleans,Gaines 2,State Supreme Court Justice,8,Shannon Heneghan,DEM,16
Orleans,Gaines 2,State Supreme Court Justice,8,Shannon Heneghan,REP,28
Orleans,Gaines 2,State Supreme Court Justice,8,Shannon Heneghan,CON,3
Orleans,Gaines 2,State Supreme Court Justice,8,Shannon Heneghan,WOR,2
Orleans,Gaines 2,State Supreme Court Justice,8,Jorge S. deRosas,DEM,15
Orleans,Gaines 2,State Supreme Court Justice,8,Jorge S. deRosas,REP,27
Orleans,Gaines 2,State Supreme Court Justice,8,Jorge S. deRosas,CON,4
Orleans,Gaines 2,State Supreme Court Justice,8,Under Votes,,29
Orleans,Gaines 3,State Supreme Court Justice,8,Shannon Heneghan,DEM,9
Orleans,Gaines 3,State Supreme Court Justice,8,Shannon Heneghan,REP,32
Orleans,Gaines 3,State Supreme Court Justice,8,Shannon Heneghan,CON,2
Orleans,Gaines 3,State Supreme Court Justice,8,Shannon Heneghan,WOR,0
Orleans,Gaines 3,State Supreme Court Justice,8,Jorge S. deRosas,DEM,7
Orleans,Gaines 3,State Supreme Court Justice,8,Jorge S. deRosas,REP,31
Orleans,Gaines 3,State Supreme Court Justice,8,Jorge S. deRosas,CON,1
Orleans,Gaines 3,State Supreme Court Justice,8,Under Votes,,28
Orleans,Gaines 4,State Supreme Court Justice,8,Shannon Heneghan,DEM,20
Orleans,Gaines 4,State Supreme Court Justice,8,Shannon Heneghan,REP,40
Orleans,Gaines 4,State Supreme Court Justice,8,Shannon Heneghan,CON,6
Orleans,Gaines 4,State Supreme Court Justice,8,Shannon Heneghan,WOR,0
Orleans,Gaines 4,State Supreme Court Justice,8,Jorge S. deRosas,DEM,17
Orleans,Gaines 4,State Supreme Court Justice,8,Jorge S. deRosas,REP,38
Orleans,Gaines 4,State Supreme Court Justice,8,Jorge S. deRosas,CON,5
Orleans,Gaines 4,State Supreme Court Justice,8,Under Votes,,26
Orleans,Kendall 1,State Supreme Court Justice,8,Shannon Heneghan,DEM,24
Orleans,Kendall 1,State Supreme Court Justice,8,Shannon Heneghan,REP,108
Orleans,Kendall 1,State Supreme Court Justice,8,Shannon Heneghan,CON,13
Orleans,Kendall 1,State Supreme Court Justice,8,Shannon Heneghan,WOR,1
Orleans,Kendall 1,State Supreme Court Justice,8,Jorge S. deRosas,DEM,25
Orleans,Kendall 1,State Supreme Court Justice,8,Jorge S. deRosas,REP,103
Orleans,Kendall 1,State Supreme Court Justice,8,Jorge S. deRosas,CON,12
Orleans,Kendall 1,State Supreme Court Justice,8,Under Votes,,60
Orleans,Kendall 2,State Supreme Court Justice,8,Shannon Heneghan,DEM,32
Orleans,Kendall 2,State Supreme Court Justice,8,Shannon Heneghan,REP,73
Orleans,Kendall 2,State Supreme Court Justice,8,Shannon Heneghan,CON,10
Orleans,Kendall 2,State Supreme Court Justice,8,Shannon Heneghan,WOR,1
Orleans,Kendall 2,State Supreme Court Justice,8,Jorge S. deRosas,DEM,30
Orleans,Kendall 2,State Supreme Court Justice,8,Jorge S. deRosas,REP,73
Orleans,Kendall 2,State Supreme Court Justice,8,Jorge S. deRosas,CON,11
Orleans,Kendall 2,State Supreme Court Justice,8,Over Votes,,2
Orleans,Kendall 2,State Supreme Court Justice,8,Under Votes,,26
Orleans,Kendall 3,State Supreme Court Justice,8,Shannon Heneghan,DEM,10
Orleans,Kendall 3,State Supreme Court Justice,8,Shannon Heneghan,REP,69
Orleans,Kendall 3,State Supreme Court Justice,8,Shannon Heneghan,CON,6
Orleans,Kendall 3,State Supreme Court Justice,8,Shannon Heneghan,WOR,0
Orleans,Kendall 3,State Supreme Court Justice,8,Jorge S. deRosas,DEM,10
Orleans,Kendall 3,State Supreme Court Justice,8,Jorge S. deRosas,REP,64
Orleans,Kendall 3,State Supreme Court Justice,8,Jorge S. deRosas,CON,3
Orleans,Kendall 3,State Supreme Court Justice,8,Under Votes,,42
Orleans,Murray 1,State Supreme Court Justice,8,Shannon Heneghan,DEM,9
Orleans,Murray 1,State Supreme Court Justice,8,Shannon Heneghan,REP,50
Orleans,Murray 1,State Supreme Court Justice,8,Shannon Heneghan,CON,7
Orleans,Murray 1,State Supreme Court Justice,8,Shannon Heneghan,WOR,1
Orleans,Murray 1,State Supreme Court Justice,8,Jorge S. deRosas,DEM,9
Orleans,Murray 1,State Supreme Court Justice,8,Jorge S. deRosas,REP,42
Orleans,Murray 1,State Supreme Court Justice,8,Jorge S. deRosas,CON,7
Orleans,Murray 1,State Supreme Court Justice,8,Under Votes,,43
Orleans,Murray 2,State Supreme Court Justice,8,Shannon Heneghan,DEM,20
Orleans,Murray 2,State Supreme Court Justice,8,Shannon Heneghan,REP,30
Orleans,Murray 2,State Supreme Court Justice,8,Shannon Heneghan,CON,4
Orleans,Murray 2,State Supreme Court Justice,8,Shannon Heneghan,WOR,1
Orleans,Murray 2,State Supreme Court Justice,8,Jorge S. deRosas,DEM,17
Orleans,Murray 2,State Supreme Court Justice,8,Jorge S. deRosas,REP,27
Orleans,Murray 2,State Supreme Court Justice,8,Jorge S. deRosas,CON,4
Orleans,Murray 2,State Supreme Court Justice,8,Under Votes,,39
Orleans,Murray 3,State Supreme Court Justice,8,Shannon Heneghan,DEM,19
Orleans,Murray 3,State Supreme Court Justice,8,Shannon Heneghan,REP,58
Orleans,Murray 3,State Supreme Court Justice,8,Shannon Heneghan,CON,6
Orleans,Murray 3,State Supreme Court Justice,8,Shannon Heneghan,WOR,3
Orleans,Murray 3,State Supreme Court Justice,8,Jorge S. deRosas,DEM,20
Orleans,Murray 3,State Supreme Court Justice,8,Jorge S. deRosas,REP,55
Orleans,Murray 3,State Supreme Court Justice,8,Jorge S. deRosas,CON,5
Orleans,Murray 3,State Supreme Court Justice,8,Under Votes,,44
Orleans,Murray 4,State Supreme Court Justice,8,Shannon Heneghan,DEM,28
Orleans,Murray 4,State Supreme Court Justice,8,Shannon Heneghan,REP,76
Orleans,Murray 4,State Supreme Court Justice,8,Shannon Heneghan,CON,11
Orleans,Murray 4,State Supreme Court Justice,8,Shannon Heneghan,WOR,3
Orleans,Murray 4,State Supreme Court Justice,8,Jorge S. deRosas,DEM,24
Orleans,Murray 4,State Supreme Court Justice,8,Jorge S. deRosas,REP,74
Orleans,Murray 4,State Supreme Court Justice,8,Jorge S. deRosas,CON,9
Orleans,Murray 4,State Supreme Court Justice,8,Under Votes,,81
Orleans,Murray 5,State Supreme Court Justice,8,Shannon Heneghan,DEM,12
Orleans,Murray 5,State Supreme Court Justice,8,Shannon Heneghan,REP,47
Orleans,Murray 5,State Supreme Court Justice,8,Shannon Heneghan,CON,2
Orleans,Murray 5,State Supreme Court Justice,8,Shannon Heneghan,WOR,1
Orleans,Murray 5,State Supreme Court Justice,8,Jorge S. deRosas,DEM,9
Orleans,Murray 5,State Supreme Court Justice,8,Jorge S. deRosas,REP,38
Orleans,Murray 5,State Supreme Court Justice,8,Jorge S. deRosas,CON,3
Orleans,Murray 5,State Supreme Court Justice,8,Under Votes,,38
Orleans,Murray 6,State Supreme Court Justice,8,Shannon Heneghan,DEM,14
Orleans,Murray 6,State Supreme Court Justice,8,Shannon Heneghan,REP,35
Orleans,Murray 6,State Supreme Court Justice,8,Shannon Heneghan,CON,8
Orleans,Murray 6,State Supreme Court Justice,8,Shannon Heneghan,WOR,2
Orleans,Murray 6,State Supreme Court Justice,8,Jorge S. deRosas,DEM,8
Orleans,Murray 6,State Supreme Court Justice,8,Jorge S. deRosas,REP,32
Orleans,Murray 6,State Supreme Court Justice,8,Jorge S. deRosas,CON,9
Orleans,Murray 6,State Supreme Court Justice,8,Under Votes,,36
Orleans,Ridgeway 1,State Supreme Court Justice,8,Shannon Heneghan,DEM,11
Orleans,Ridgeway 1,State Supreme Court Justice,8,Shannon Heneghan,REP,44
Orleans,Ridgeway 1,State Supreme Court Justice,8,Shannon Heneghan,CON,5
Orleans,Ridgeway 1,State Supreme Court Justice,8,Shannon Heneghan,WOR,0
Orleans,Ridgeway 1,State Supreme Court Justice,8,Jorge S. deRosas,DEM,11
Orleans,Ridgeway 1,State Supreme Court Justice,8,Jorge S. deRosas,REP,41
Orleans,Ridgeway 1,State Supreme Court Justice,8,Jorge S. deRosas,CON,5
Orleans,Ridgeway 1,State Supreme Court Justice,8,Under Votes,,25
Orleans,Ridgeway 2,State Supreme Court Justice,8,Shannon Heneghan,DEM,23
Orleans,Ridgeway 2,State Supreme Court Justice,8,Shannon Heneghan,REP,24
Orleans,Ridgeway 2,State Supreme Court Justice,8,Shannon Heneghan,CON,2
Orleans,Ridgeway 2,State Supreme Court Justice,8,Shannon Heneghan,WOR,0
Orleans,Ridgeway 2,State Supreme Court Justice,8,Jorge S. deRosas,DEM,21
Orleans,Ridgeway 2,State Supreme Court Justice,8,Jorge S. deRosas,REP,21
Orleans,Ridgeway 2,State Supreme Court Justice,8,Jorge S. deRosas,CON,2
Orleans,Ridgeway 2,State Supreme Court Justice,8,Under Votes,,11
Orleans,Ridgeway 3,State Supreme Court Justice,8,Shannon Heneghan,DEM,4
Orleans,Ridgeway 3,State Supreme Court Justice,8,Shannon Heneghan,REP,22
Orleans,Ridgeway 3,State Supreme Court Justice,8,Shannon Heneghan,CON,2
Orleans,Ridgeway 3,State Supreme Court Justice,8,Shannon Heneghan,WOR,2
Orleans,Ridgeway 3,State Supreme Court Justice,8,Jorge S. deRosas,DEM,5
Orleans,Ridgeway 3,State Supreme Court Justice,8,Jorge S. deRosas,REP,24
Orleans,Ridgeway 3,State Supreme Court Justice,8,Jorge S. deRosas,CON,2
Orleans,Ridgeway 3,State Supreme Court Justice,8,Over Votes,,1
Orleans,Ridgeway 3,State Supreme Court Justice,8,Under Votes,,20
Orleans,Ridgeway 4,State Supreme Court Justice,8,Shannon Heneghan,DEM,18
Orleans,Ridgeway 4,State Supreme Court Justice,8,Shannon Heneghan,REP,18
Orleans,Ridgeway 4,State Supreme Court Justice,8,Shannon Heneghan,CON,5
Orleans,Ridgeway 4,State Supreme Court Justice,8,Shannon Heneghan,WOR,1
Orleans,Ridgeway 4,State Supreme Court Justice,8,Jorge S. deRosas,DEM,16
Orleans,Ridgeway 4,State Supreme Court Justice,8,Jorge S. deRosas,REP,17
Orleans,Ridgeway 4,State Supreme Court Justice,8,Jorge S. deRosas,CON,6
Orleans,Ridgeway 4,State Supreme Court Justice,8,Under Votes,,11
Orleans,Ridgeway 5,State Supreme Court Justice,8,Shannon Heneghan,DEM,19
Orleans,Ridgeway 5,State Supreme Court Justice,8,Shannon Heneghan,REP,24
Orleans,Ridgeway 5,State Supreme Court Justice,8,Shannon Heneghan,CON,1
Orleans,Ridgeway 5,State Supreme Court Justice,8,Shannon Heneghan,WOR,4
Orleans,Ridgeway 5,State Supreme Court Justice,8,Jorge S. deRosas,DEM,20
Orleans,Ridgeway 5,State Supreme Court Justice,8,Jorge S. deRosas,REP,23
Orleans,Ridgeway 5,State Supreme Court Justice,8,Jorge S. deRosas,CON,2
Orleans,Ridgeway 5,State Supreme Court Justice,8,Under Votes,,23
Orleans,Ridgeway 6,State Supreme Court Justice,8,Shannon Heneghan,DEM,21
Orleans,Ridgeway 6,State Supreme Court Justice,8,Shannon Heneghan,REP,53
Orleans,Ridgeway 6,State Supreme Court Justice,8,Shannon Heneghan,CON,3
Orleans,Ridgeway 6,State Supreme Court Justice,8,Shannon Heneghan,WOR,1
Orleans,Ridgeway 6,State Supreme Court Justice,8,Jorge S. deRosas,DEM,18
Orleans,Ridgeway 6,State Supreme Court Justice,8,Jorge S. deRosas,REP,53
Orleans,Ridgeway 6,State Supreme Court Justice,8,Jorge S. deRosas,CON,5
Orleans,Ridgeway 6,State Supreme Court Justice,8,Under Votes,,42
Orleans,Ridgeway 7,State Supreme Court Justice,8,Shannon Heneghan,DEM,14
Orleans,Ridgeway 7,State Supreme Court Justice,8,Shannon Heneghan,REP,41
Orleans,Ridgeway 7,State Supreme Court Justice,8,Shannon Heneghan,CON,3
Orleans,Ridgeway 7,State Supreme Court Justice,8,Shannon Heneghan,WOR,1
Orleans,Ridgeway 7,State Supreme Court Justice,8,Jorge S. deRosas,DEM,13
Orleans,Ridgeway 7,State Supreme Court Justice,8,Jorge S. deRosas,REP,41
Orleans,Ridgeway 7,State Supreme Court Justice,8,Jorge S. deRosas,CON,3
Orleans,Ridgeway 7,State Supreme Court Justice,8,Under Votes,,8
Orleans,Shelby 1,State Supreme Court Justice,8,Shannon Heneghan,DEM,14
Orleans,Shelby 1,State Supreme Court Justice,8,Shannon Heneghan,REP,92
Orleans,Shelby 1,State Supreme Court Justice,8,Shannon Heneghan,CON,20
Orleans,Shelby 1,State Supreme Court Justice,8,Shannon Heneghan,WOR,5
Orleans,Shelby 1,State Supreme Court Justice,8,Jorge S. deRosas,DEM,16
Orleans,Shelby 1,State Supreme Court Justice,8,Jorge S. deRosas,REP,79
Orleans,Shelby 1,State Supreme Court Justice,8,Jorge S. deRosas,CON,17
Orleans,Shelby 1,State Supreme Court Justice,8,Write-in,,2
Orleans,Shelby 1,State Supreme Court Justice,8,Under Votes,,135
Orleans,Shelby 2,State Supreme Court Justice,8,Shannon Heneghan,DEM,27
Orleans,Shelby 2,State Supreme Court Justice,8,Shannon Heneghan,REP,74
Orleans,Shelby 2,State Supreme Court Justice,8,Shannon Heneghan,CON,9
Orleans,Shelby 2,State Supreme Court Justice,8,Shannon Heneghan,WOR,2
Orleans,Shelby 2,State Supreme Court Justice,8,Jorge S. deRosas,DEM,25
Orleans,Shelby 2,State Supreme Court Justice,8,Jorge S. deRosas,REP,69
Orleans,Shelby 2,State Supreme Court Justice,8,Jorge S. deRosas,CON,10
Orleans,Shelby 2,State Supreme Court Justice,8,Under Votes,,72
Orleans,Shelby 3,State Supreme Court Justice,8,Shannon Heneghan,DEM,22
Orleans,Shelby 3,State Supreme Court Justice,8,Shannon Heneghan,REP,28
Orleans,Shelby 3,State Supreme Court Justice,8,Shannon Heneghan,CON,6
Orleans,Shelby 3,State Supreme Court Justice,8,Shannon Heneghan,WOR,4
Orleans,Shelby 3,State Supreme Court Justice,8,Jorge S. deRosas,DEM,22
Orleans,Shelby 3,State Supreme Court Justice,8,Jorge S. deRosas,REP,28
Orleans,Shelby 3,State Supreme Court Justice,8,Jorge S. deRosas,CON,6
Orleans,Shelby 3,State Supreme Court Justice,8,Under Votes,,24
Orleans,Shelby 4,State Supreme Court Justice,8,Shannon Heneghan,DEM,38
Orleans,Shelby 4,State Supreme Court Justice,8,Shannon Heneghan,REP,87
Orleans,Shelby 4,State Supreme Court Justice,8,Shannon Heneghan,CON,14
Orleans,Shelby 4,State Supreme Court Justice,8,Shannon Heneghan,WOR,5
Orleans,Shelby 4,State Supreme Court Justice,8,Jorge S. deRosas,DEM,32
Orleans,Shelby 4,State Supreme Court Justice,8,Jorge S. deRosas,REP,80
Orleans,Shelby 4,State Supreme Court Justice,8,Jorge S. deRosas,CON,11
Orleans,Shelby 4,State Supreme Court Justice,8,Over Votes,,2
Orleans,Shelby 4,State Supreme Court Justice,8,Under Votes,,119
Orleans,Yates 1,State Supreme Court Justice,8,Shannon Heneghan,DEM,28
Orleans,Yates 1,State Supreme Court Justice,8,Shannon Heneghan,REP,58
Orleans,Yates 1,State Supreme Court Justice,8,Shannon Heneghan,CON,12
Orleans,Yates 1,State Supreme Court Justice,8,Shannon Heneghan,WOR,1
Orleans,Yates 1,State Supreme Court Justice,8,Jorge S. deRosas,DEM,25
Orleans,Yates 1,State Supreme Court Justice,8,Jorge S. deRosas,REP,49
Orleans,Yates 1,State Supreme Court Justice,8,Jorge S. deRosas,CON,15
Orleans,Yates 1,State Supreme Court Justice,8,Under Votes,,86
Orleans,Yates 2,State Supreme Court Justice,8,Shannon Heneghan,DEM,13
Orleans,Yates 2,State Supreme Court Justice,8,Shannon Heneghan,REP,69
Orleans,Yates 2,State Supreme Court Justice,8,Shannon Heneghan,CON,11
Orleans,Yates 2,State Supreme Court Justice,8,Shannon Heneghan,WOR,1
Orleans,Yates 2,State Supreme Court Justice,8,Jorge S. deRosas,DEM,13
Orleans,Yates 2,State Supreme Court Justice,8,Jorge S. deRosas,REP,59
Orleans,Yates 2,State Supreme Court Justice,8,Jorge S. deRosas,CON,13
Orleans,Yates 2,State Supreme Court Justice,8,Write-in,,7
Orleans,Yates 2,State Supreme Court Justice,8,Under Votes,,64
Orleans,Carlton 1,Carlton Town Justice,,Kevin T. Hurley,REP,135
Orleans,Carlton 1,Carlton Town Justice,,Over Votes,,2
Orleans,Carlton 1,Carlton Town Justice,,Under Votes,,28
Orleans,Carlton 2,Carlton Town Justice,,Kevin T. Hurley,REP,81
Orleans,Carlton 2,Carlton Town Justice,,Under Votes,,28
Orleans,Carlton 3,Carlton Town Justice,,Kevin T. Hurley,REP,121
Orleans,Carlton 3,Carlton Town Justice,,Over Votes,,1
Orleans,Carlton 3,Carlton Town Justice,,Under Votes,,49
Orleans,Gaines 1,Gaines Town Justice,,"Charles Prentice, Jr.",REP,59
Orleans,Gaines 1,Gaines Town Justice,,Under Votes,,17
Orleans,Gaines 2,Gaines Town Justice,,"Charles Prentice, Jr.",REP,42
Orleans,Gaines 2,Gaines Town Justice,,Under Votes,,20
Orleans,Gaines 3,Gaines Town Justice,,"Charles Prentice, Jr.",REP,44
Orleans,Gaines 3,Gaines Town Justice,,Under Votes,,11
Orleans,Gaines 4,Gaines Town Justice,,"Charles Prentice, Jr.",REP,55
Orleans,Gaines 4,Gaines Town Justice,,Under Votes,,21
Orleans,Kendall 1,Kendall Town Justice,,Debra Kluth,REP,142
Orleans,Kendall 1,Kendall Town Justice,,Under Votes,,31
Orleans,Kendall 2,Kendall Town Justice,,Debra Kluth,REP,103
Orleans,Kendall 2,Kendall Town Justice,,Write-in,,1
Orleans,Kendall 2,Kendall Town Justice,,Over Votes,,1
Orleans,Kendall 2,Kendall Town Justice,,Under Votes,,24
Orleans,Kendall 3,Kendall Town Justice,,Debra Kluth,REP,89
Orleans,Kendall 3,Kendall Town Justice,,Under Votes,,13
Orleans,Murray 1,Murray Town Justice,,Michael Christopher,REP,60
Orleans,Murray 1,Murray Town Justice,,Write-in,,4
Orleans,Murray 1,Murray Town Justice,,Under Votes,,20
Orleans,Murray 2,Murray Town Justice,,Michael Christopher,REP,58
Orleans,Murray 2,Murray Town Justice,,Over Votes,,1
Orleans,Murray 2,Murray Town Justice,,Under Votes,,12
Orleans,Murray 3,Murray Town Justice,,Michael Christopher,REP,75
Orleans,Murray 3,Murray Town Justice,,Under Votes,,30
Orleans,Murray 4,Murray Town Justice,,Michael Christopher,REP,113
Orleans,Murray 4,Murray Town Justice,,Write-in,,3
Orleans,Murray 4,Murray Town Justice,,Under Votes,,37
Orleans,Murray 5,Murray Town Justice,,Michael Christopher,REP,58
Orleans,Murray 5,Murray Town Justice,,Write-in,,1
Orleans,Murray 5,Murray Town Justice,,Under Votes,,16
Orleans,Murray 6,Murray Town Justice,,Michael Christopher,REP,50
Orleans,Murray 6,Murray Town Justice,,Write-in,,1
Orleans,Murray 6,Murray Town Justice,,Under Votes,,21
Orleans,Yates 1,Yates Town Justice,,Donald F. Grabowski,REP,85
Orleans,Yates 1,Yates Town Justice,,Donald F. Grabowski,CON,24
Orleans,Yates 1,Yates Town Justice,,Under Votes,,28
Orleans,Yates 2,Yates Town Justice,,Donald F. Grabowski,REP,86
Orleans,Yates 2,Yates Town Justice,,Donald F. Grabowski,CON,25
Orleans,Yates 2,Yates Town Justice,,Under Votes,,14
Orleans,Albion 1,Proposal One,,Yes,,22
Orleans,Albion 1,Proposal One,,No,,28
Orleans,Albion 1,Proposal One,,Under Votes,,4
Orleans,Albion 2,Proposal One,,Yes,,48
Orleans,Albion 2,Proposal One,,No,,40
Orleans,Albion 2,Proposal One,,Under Votes,,5
Orleans,Albion 3,Proposal One,,Yes,,28
Orleans,Albion 3,Proposal One,,No,,10
Orleans,Albion 3,Proposal One,,Under Votes,,1
Orleans,Albion 4,Proposal One,,Yes,,16
Orleans,Albion 4,Proposal One,,No,,30
Orleans,Albion 4,Proposal One,,Under Votes,,3
Orleans,Albion 5,Proposal One,,Yes,,27
Orleans,Albion 5,Proposal One,,No,,21
Orleans,Albion 6,Proposal One,,Yes,,62
Orleans,Albion 6,Proposal One,,No,,36
Orleans,Albion 6,Proposal One,,Under Votes,,5
Orleans,Barre 1,Proposal One,,Yes,,94
Orleans,Barre 1,Proposal One,,No,,120
Orleans,Barre 1,Proposal One,,Under Votes,,26
Orleans,Barre 2,Proposal One,,Yes,,73
Orleans,Barre 2,Proposal One,,No,,86
Orleans,Barre 2,Proposal One,,Under Votes,,19
Orleans,Carlton 1,Proposal One,,Yes,,79
Orleans,Carlton 1,Proposal One,,No,,74
Orleans,Carlton 1,Proposal One,,Under Votes,,12
Orleans,Carlton 2,Proposal One,,Yes,,53
Orleans,Carlton 2,Proposal One,,No,,44
Orleans,Carlton 2,Proposal One,,Under Votes,,12
Orleans,Carlton 3,Proposal One,,Yes,,83
Orleans,Carlton 3,Proposal One,,No,,72
Orleans,Carlton 3,Proposal One,,Under Votes,,16
Orleans,Clarendon 1,Proposal One,,Yes,,67
Orleans,Clarendon 1,Proposal One,,No,,113
Orleans,Clarendon 1,Proposal One,,Under Votes,,12
Orleans,Clarendon 2,Proposal One,,Yes,,63
Orleans,Clarendon 2,Proposal One,,No,,53
Orleans,Clarendon 2,Proposal One,,Under Votes,,6
Orleans,Clarendon 3,Proposal One,,Yes,,58
Orleans,Clarendon 3,Proposal One,,No,,68
Orleans,Clarendon 3,Proposal One,,Under Votes,,8
Orleans,Gaines 1,Proposal One,,Yes,,27
Orleans,Gaines 1,Proposal One,,No,,41
Orleans,Gaines 1,Proposal One,,Under Votes,,8
Orleans,Gaines 2,Proposal One,,Yes,,28
Orleans,Gaines 2,Proposal One,,No,,28
Orleans,Gaines 2,Proposal One,,Under Votes,,6
Orleans,Gaines 3,Proposal One,,Yes,,25
Orleans,Gaines 3,Proposal One,,No,,21
Orleans,Gaines 3,Proposal One,,Under Votes,,9
Orleans,Gaines 4,Proposal One,,Yes,,39
Orleans,Gaines 4,Proposal One,,No,,32
Orleans,Gaines 4,Proposal One,,Under Votes,,5
Orleans,Kendall 1,Proposal One,,Yes,,84
Orleans,Kendall 1,Proposal One,,No,,71
Orleans,Kendall 1,Proposal One,,Under Votes,,18
Orleans,Kendall 2,Proposal One,,Yes,,69
Orleans,Kendall 2,Proposal One,,No,,47
Orleans,Kendall 2,Proposal One,,Under Votes,,13
Orleans,Kendall 3,Proposal One,,Yes,,46
Orleans,Kendall 3,Proposal One,,No,,47
Orleans,Kendall 3,Proposal One,,Under Votes,,9
Orleans,Murray 1,Proposal One,,Yes,,27
Orleans,Murray 1,Proposal One,,No,,30
Orleans,Murray 1,Proposal One,,Under Votes,,27
Orleans,Murray 2,Proposal One,,Yes,,31
Orleans,Murray 2,Proposal One,,No,,19
Orleans,Murray 2,Proposal One,,Under Votes,,21
Orleans,Murray 3,Proposal One,,Yes,,37
Orleans,Murray 3,Proposal One,,No,,38
Orleans,Murray 3,Proposal One,,Under Votes,,30
Orleans,Murray 4,Proposal One,,Yes,,48
Orleans,Murray 4,Proposal One,,No,,74
Orleans,Murray 4,Proposal One,,Under Votes,,31
Orleans,Murray 5,Proposal One,,Yes,,25
Orleans,Murray 5,Proposal One,,No,,27
Orleans,Murray 5,Proposal One,,Under Votes,,23
Orleans,Murray 6,Proposal One,,Yes,,30
Orleans,Murray 6,Proposal One,,No,,32
Orleans,Murray 6,Proposal One,,Under Votes,,10
Orleans,Ridgeway 1,Proposal One,,Yes,,36
Orleans,Ridgeway 1,Proposal One,,No,,29
Orleans,Ridgeway 1,Proposal One,,Under Votes,,6
Orleans,Ridgeway 2,Proposal One,,Yes,,23
Orleans,Ridgeway 2,Proposal One,,No,,24
Orleans,Ridgeway 2,Proposal One,,Under Votes,,5
Orleans,Ridgeway 3,Proposal One,,Yes,,20
Orleans,Ridgeway 3,Proposal One,,No,,18
Orleans,Ridgeway 3,Proposal One,,Under Votes,,3
Orleans,Ridgeway 4,Proposal One,,Yes,,17
Orleans,Ridgeway 4,Proposal One,,No,,27
Orleans,Ridgeway 4,Proposal One,,Under Votes,,2
Orleans,Ridgeway 5,Proposal One,,Yes,,32
Orleans,Ridgeway 5,Proposal One,,No,,18
Orleans,Ridgeway 5,Proposal One,,Under Votes,,8
Orleans,Ridgeway 6,Proposal One,,Yes,,42
Orleans,Ridgeway 6,Proposal One,,No,,50
Orleans,Ridgeway 6,Proposal One,,Under Votes,,6
Orleans,Ridgeway 7,Proposal One,,Yes,,22
Orleans,Ridgeway 7,Proposal One,,No,,35
Orleans,Ridgeway 7,Proposal One,,Under Votes,,5
Orleans,Shelby 1,Proposal One,,Yes,,91
Orleans,Shelby 1,Proposal One,,No,,77
Orleans,Shelby 1,Proposal One,,Under Votes,,22
Orleans,Shelby 2,Proposal One,,Yes,,61
Orleans,Shelby 2,Proposal One,,No,,69
Orleans,Shelby 2,Proposal One,,Under Votes,,14
Orleans,Shelby 3,Proposal One,,Yes,,29
Orleans,Shelby 3,Proposal One,,No,,30
Orleans,Shelby 3,Proposal One,,Under Votes,,11
Orleans,Shelby 4,Proposal One,,Yes,,102
Orleans,Shelby 4,Proposal One,,No,,81
Orleans,Shelby 4,Proposal One,,Under Votes,,11
Orleans,Yates 1,Proposal One,,Yes,,59
Orleans,Yates 1,Proposal One,,No,,64
Orleans,Yates 1,Proposal One,,Under Votes,,14
Orleans,Yates 2,Proposal One,,Yes,,62
Orleans,Yates 2,Proposal One,,No,,54
Orleans,Yates 2,Proposal One,,Under Votes,,9
Orleans,Kendall 1,Kendall Proposal,,Yes,,106
Orleans,Kendall 1,Kendall Proposal,,No,,54
Orleans,Kendall 1,Kendall Proposal,,Under Votes,,13
Orleans,Kendall 2,Kendall Proposal,,Yes,,84
Orleans,Kendall 2,Kendall Proposal,,No,,36
Orleans,Kendall 2,Kendall Proposal,,Under Votes,,9
Orleans,Kendall 3,Kendall Proposal,,Yes,,62
Orleans,Kendall 3,Kendall Proposal,,No,,35
Orleans,Kendall 3,Kendall Proposal,,Under Votes,,5
